ProductID,Product,Category,Segment,ManufacturerID,IsCompete
536,Maximus UC-01,Urban,Convenience,7,No
537,Maximus UC-02,Urban,Convenience,7,No
538,Maximus UC-03,Urban,Convenience,7,No
539,Maximus UC-04,Urban,Convenience,7,No
540,Maximus UC-05,Urban,Convenience,7,No
541,Maximus UC-06,Urban,Convenience,7,No
542,Maximus UC-07,Urban,Convenience,7,No
543,Maximus UC-08,Urban,Convenience,7,No
544,Maximus UC-09,Urban,Convenience,7,No
545,Maximus UC-10,Urban,Convenience,7,No
546,Maximus UC-11,Urban,Convenience,7,No
547,Maximus UC-12,Urban,Convenience,7,No
548,Maximus UC-13,Urban,Convenience,7,No
549,Maximus UC-14,Urban,Convenience,7,No
550,Maximus UC-15,Urban,Convenience,7,No
551,Maximus UC-16,Urban,Convenience,7,No
552,Maximus UC-17,Urban,Convenience,7,No
553,Maximus UC-18,Urban,Convenience,7,No
554,Maximus UC-19,Urban,Convenience,7,No
555,Maximus UC-20,Urban,Convenience,7,No
556,Maximus UC-21,Urban,Convenience,7,No
557,Maximus UC-22,Urban,Convenience,7,No
558,Maximus UC-23,Urban,Convenience,7,No
559,Maximus UC-24,Urban,Convenience,7,No
560,Maximus UC-25,Urban,Convenience,7,No
561,Maximus UC-26,Urban,Convenience,7,No
562,Maximus UC-27,Urban,Convenience,7,No
563,Maximus UC-28,Urban,Convenience,7,No
564,Maximus UC-29,Urban,Convenience,7,No
565,Maximus UC-30,Urban,Convenience,7,No
566,Maximus UC-31,Urban,Convenience,7,No
567,Maximus UC-32,Urban,Convenience,7,No
568,Maximus UC-33,Urban,Convenience,7,No
569,Maximus UC-34,Urban,Convenience,7,No
570,Maximus UC-35,Urban,Convenience,7,No
571,Maximus UC-36,Urban,Convenience,7,No
572,Maximus UC-37,Urban,Convenience,7,No
573,Maximus UC-38,Urban,Convenience,7,No
574,Maximus UC-39,Urban,Convenience,7,No
575,Maximus UC-40,Urban,Convenience,7,No
576,Maximus UC-41,Urban,Convenience,7,No
577,Maximus UC-42,Urban,Convenience,7,No
578,Maximus UC-43,Urban,Convenience,7,No
579,Maximus UC-44,Urban,Convenience,7,No
580,Maximus UC-45,Urban,Convenience,7,No
581,Maximus UC-46,Urban,Convenience,7,No
582,Maximus UC-47,Urban,Convenience,7,No
583,Maximus UC-48,Urban,Convenience,7,No
584,Maximus UC-49,Urban,Convenience,7,No
585,Maximus UC-50,Urban,Convenience,7,No
586,Maximus UC-51,Urban,Convenience,7,No
587,Maximus UC-52,Urban,Convenience,7,No
588,Maximus UC-53,Urban,Convenience,7,No
589,Maximus UC-54,Urban,Convenience,7,No
590,Maximus UC-55,Urban,Convenience,7,No
591,Maximus UC-56,Urban,Convenience,7,No
592,Maximus UC-57,Urban,Convenience,7,No
593,Maximus UC-58,Urban,Convenience,7,No
594,Maximus UC-59,Urban,Convenience,7,No
595,Maximus UC-60,Urban,Convenience,7,No
596,Maximus UC-61,Urban,Convenience,7,No
597,Maximus UC-62,Urban,Convenience,7,No
598,Maximus UC-63,Urban,Convenience,7,No
599,Maximus UC-64,Urban,Convenience,7,No
600,Maximus UC-65,Urban,Convenience,7,No
601,Maximus UC-66,Urban,Convenience,7,No
602,Maximus UC-67,Urban,Convenience,7,No
603,Maximus UC-68,Urban,Convenience,7,No
604,Maximus UC-69,Urban,Convenience,7,No
605,Maximus UC-70,Urban,Convenience,7,No
606,Maximus UC-71,Urban,Convenience,7,No
607,Maximus UC-72,Urban,Convenience,7,No
608,Maximus UC-73,Urban,Convenience,7,No
609,Maximus UC-74,Urban,Convenience,7,No
610,Maximus UC-75,Urban,Convenience,7,No
611,Maximus UC-76,Urban,Convenience,7,No
612,Maximus UC-77,Urban,Convenience,7,No
613,Maximus UC-78,Urban,Convenience,7,No
614,Maximus UC-79,Urban,Convenience,7,No
615,Maximus UC-80,Urban,Convenience,7,No
616,Maximus UC-81,Urban,Convenience,7,No
617,Maximus UC-82,Urban,Convenience,7,No
618,Maximus UC-83,Urban,Convenience,7,No
619,Maximus UC-84,Urban,Convenience,7,No
620,Maximus UC-85,Urban,Convenience,7,No
621,Maximus UC-86,Urban,Convenience,7,No
622,Maximus UC-87,Urban,Convenience,7,No
623,Maximus UC-88,Urban,Convenience,7,No
624,Maximus UC-89,Urban,Convenience,7,No
625,Maximus UC-90,Urban,Convenience,7,No
626,Maximus UC-91,Urban,Convenience,7,No
627,Maximus UC-92,Urban,Convenience,7,No
628,Maximus UC-93,Urban,Convenience,7,No
629,Maximus UC-94,Urban,Convenience,7,No
630,Maximus UC-95,Urban,Convenience,7,No
631,Maximus UC-96,Urban,Convenience,7,No
632,Maximus UC-97,Urban,Convenience,7,No
633,Maximus UC-98,Urban,Convenience,7,No
634,Maximus UC-99,Urban,Convenience,7,No
635,Maximus UC-00,Urban,Convenience,7,No
636,Maximus UC-01,Urban,Convenience,7,No
637,Maximus UC-02,Urban,Convenience,7,No
638,Maximus UC-03,Urban,Convenience,7,No
639,Maximus UC-04,Urban,Convenience,7,No
640,Maximus UC-05,Urban,Convenience,7,No
641,Maximus UC-06,Urban,Convenience,7,No
642,Maximus UC-07,Urban,Convenience,7,No
643,Maximus UC-08,Urban,Convenience,7,No
644,Maximus UC-09,Urban,Convenience,7,No
645,Maximus UC-10,Urban,Convenience,7,No
646,Maximus UC-11,Urban,Convenience,7,No
647,Maximus UC-12,Urban,Convenience,7,No
648,Maximus UC-13,Urban,Convenience,7,No
649,Maximus UC-14,Urban,Convenience,7,No
650,Maximus UC-15,Urban,Convenience,7,No
651,Maximus UC-16,Urban,Convenience,7,No
652,Maximus UC-17,Urban,Convenience,7,No
653,Maximus UC-18,Urban,Convenience,7,No
654,Maximus UC-19,Urban,Convenience,7,No
655,Maximus UC-20,Urban,Convenience,7,No
656,Maximus UC-21,Urban,Convenience,7,No
657,Maximus UC-22,Urban,Convenience,7,No
658,Maximus UC-23,Urban,Convenience,7,No
659,Maximus UC-24,Urban,Convenience,7,No
660,Maximus UC-25,Urban,Convenience,7,No
661,Maximus UC-26,Urban,Convenience,7,No
662,Maximus UC-27,Urban,Convenience,7,No
663,Maximus UC-28,Urban,Convenience,7,No
664,Maximus UC-29,Urban,Convenience,7,No
665,Maximus UC-30,Urban,Convenience,7,No
666,Maximus UC-31,Urban,Convenience,7,No
667,Maximus UC-32,Urban,Convenience,7,No
668,Maximus UC-33,Urban,Convenience,7,No
669,Maximus UC-34,Urban,Convenience,7,No
670,Maximus UC-35,Urban,Convenience,7,No
671,Maximus UC-36,Urban,Convenience,7,No
672,Maximus UC-37,Urban,Convenience,7,No
673,Maximus UC-38,Urban,Convenience,7,No
674,Maximus UC-39,Urban,Convenience,7,No
675,Maximus UC-40,Urban,Convenience,7,No
676,Maximus UC-41,Urban,Convenience,7,No
677,Maximus UC-42,Urban,Convenience,7,No
678,Maximus UC-43,Urban,Convenience,7,No
679,Maximus UC-44,Urban,Convenience,7,No
680,Maximus UC-45,Urban,Convenience,7,No
681,Maximus UC-46,Urban,Convenience,7,No
682,Maximus UC-47,Urban,Convenience,7,No
683,Maximus UC-48,Urban,Convenience,7,No
684,Maximus UC-49,Urban,Convenience,7,No
685,Maximus UC-50,Urban,Convenience,7,No
686,Maximus UC-51,Urban,Convenience,7,No
687,Maximus UC-52,Urban,Convenience,7,No
688,Maximus UC-53,Urban,Convenience,7,No
689,Maximus UC-54,Urban,Convenience,7,No
690,Maximus UC-55,Urban,Convenience,7,No
691,Maximus UC-56,Urban,Convenience,7,No
692,Maximus UC-57,Urban,Convenience,7,No
693,Maximus UC-58,Urban,Convenience,7,No
1029,Palma UC-01,Urban,Convenience,9,No
1030,Palma UC-02,Urban,Convenience,9,No
1031,Palma UC-03,Urban,Convenience,9,No
1032,Palma UC-04,Urban,Convenience,9,No
1033,Palma UC-05,Urban,Convenience,9,No
1034,Palma UC-06,Urban,Convenience,9,No
1035,Palma UC-07,Urban,Convenience,9,No
1036,Palma UC-08,Urban,Convenience,9,No
1037,Palma UC-09,Urban,Convenience,9,No
1038,Palma UC-10,Urban,Convenience,9,No
1039,Palma UC-11,Urban,Convenience,9,No
1040,Palma UC-12,Urban,Convenience,9,No
1041,Palma UC-13,Urban,Convenience,9,No
1042,Palma UC-14,Urban,Convenience,9,No
1199,Pirum UC-01,Urban,Convenience,10,No
1200,Pirum UC-02,Urban,Convenience,10,No
1201,Pirum UC-03,Urban,Convenience,10,No
1202,Pirum UC-04,Urban,Convenience,10,No
1203,Pirum UC-05,Urban,Convenience,10,No
1204,Pirum UC-06,Urban,Convenience,10,No
1205,Pirum UC-07,Urban,Convenience,10,No
1206,Pirum UC-08,Urban,Convenience,10,No
1207,Pirum UC-09,Urban,Convenience,10,No
1208,Pirum UC-10,Urban,Convenience,10,No
1209,Pirum UC-11,Urban,Convenience,10,No
1210,Pirum UC-12,Urban,Convenience,10,No
1211,Pirum UC-13,Urban,Convenience,10,No
1212,Pirum UC-14,Urban,Convenience,10,No
1213,Pirum UC-15,Urban,Convenience,10,No
1214,Pirum UC-16,Urban,Convenience,10,No
1215,Pirum UC-17,Urban,Convenience,10,No
1216,Pirum UC-18,Urban,Convenience,10,No
1217,Pirum UC-19,Urban,Convenience,10,No
1218,Pirum UC-20,Urban,Convenience,10,No
1219,Pirum UC-21,Urban,Convenience,10,No
1220,Pirum UC-22,Urban,Convenience,10,No
1221,Pirum UC-23,Urban,Convenience,10,No
1222,Pirum UC-24,Urban,Convenience,10,No
1223,Pirum UC-25,Urban,Convenience,10,No
1224,Pirum UC-26,Urban,Convenience,10,No
1225,Pirum UC-27,Urban,Convenience,10,No
1226,Pirum UC-28,Urban,Convenience,10,No
1227,Pirum UC-29,Urban,Convenience,10,No
1228,Pirum UC-30,Urban,Convenience,10,No
1229,Pirum UC-31,Urban,Convenience,10,No
1230,Pirum UC-32,Urban,Convenience,10,No
1231,Pirum UC-33,Urban,Convenience,10,No
1232,Pirum UC-34,Urban,Convenience,10,No
1689,Salvus UC-01,Urban,Convenience,13,No
1795,Pomum UC-01,Urban,Convenience,11,No
1796,Pomum UC-02,Urban,Convenience,11,No
1797,Pomum UC-03,Urban,Convenience,11,No
1798,Pomum UC-04,Urban,Convenience,11,No
1799,Pomum UC-05,Urban,Convenience,11,No
1800,Pomum UC-06,Urban,Convenience,11,No
1801,Pomum UC-07,Urban,Convenience,11,No
1802,Pomum UC-08,Urban,Convenience,11,No
1803,Pomum UC-09,Urban,Convenience,11,No
1804,Pomum UC-10,Urban,Convenience,11,No
1805,Pomum UC-11,Urban,Convenience,11,No
1882,Leo UC-01,Urban,Convenience,6,No
1883,Leo UC-02,Urban,Convenience,6,No
1884,Leo UC-03,Urban,Convenience,6,No
1885,Leo UC-04,Urban,Convenience,6,No
1886,Leo UC-05,Urban,Convenience,6,No
1887,Leo UC-06,Urban,Convenience,6,No
1888,Leo UC-07,Urban,Convenience,6,No
1889,Leo UC-08,Urban,Convenience,6,No
189,Abbas UC-01,Urban,Convenience,1,No
1890,Leo UC-09,Urban,Convenience,6,No
1891,Leo UC-10,Urban,Convenience,6,No
1892,Leo UC-11,Urban,Convenience,6,No
1893,Leo UC-12,Urban,Convenience,6,No
1894,Leo UC-13,Urban,Convenience,6,No
1895,Leo UC-14,Urban,Convenience,6,No
1896,Leo UC-15,Urban,Convenience,6,No
1897,Leo UC-16,Urban,Convenience,6,No
1898,Leo UC-17,Urban,Convenience,6,No
1899,Leo UC-18,Urban,Convenience,6,No
190,Abbas UC-02,Urban,Convenience,1,No
1900,Leo UC-19,Urban,Convenience,6,No
1901,Leo UC-20,Urban,Convenience,6,No
1902,Leo UC-21,Urban,Convenience,6,No
1903,Leo UC-22,Urban,Convenience,6,No
1904,Leo UC-23,Urban,Convenience,6,No
1905,Leo UC-24,Urban,Convenience,6,No
1906,Leo UC-25,Urban,Convenience,6,No
1907,Leo UC-26,Urban,Convenience,6,No
191,Abbas UC-03,Urban,Convenience,1,No
192,Abbas UC-04,Urban,Convenience,1,No
193,Abbas UC-05,Urban,Convenience,1,No
194,Abbas UC-06,Urban,Convenience,1,No
195,Abbas UC-07,Urban,Convenience,1,No
196,Abbas UC-08,Urban,Convenience,1,No
2066,Currus UC-01,Urban,Convenience,4,No
2067,Currus UC-02,Urban,Convenience,4,No
2068,Currus UC-03,Urban,Convenience,4,No
2069,Currus UC-04,Urban,Convenience,4,No
2070,Currus UC-05,Urban,Convenience,4,No
2071,Currus UC-06,Urban,Convenience,4,No
2072,Currus UC-07,Urban,Convenience,4,No
2073,Currus UC-08,Urban,Convenience,4,No
2074,Currus UC-09,Urban,Convenience,4,No
2075,Currus UC-10,Urban,Convenience,4,No
2076,Currus UC-11,Urban,Convenience,4,No
2077,Currus UC-12,Urban,Convenience,4,No
2078,Currus UC-13,Urban,Convenience,4,No
2079,Currus UC-14,Urban,Convenience,4,No
2080,Currus UC-15,Urban,Convenience,4,No
2081,Currus UC-16,Urban,Convenience,4,No
2082,Currus UC-17,Urban,Convenience,4,No
2083,Currus UC-18,Urban,Convenience,4,No
2084,Currus UC-19,Urban,Convenience,4,No
2085,Currus UC-20,Urban,Convenience,4,No
2086,Currus UC-21,Urban,Convenience,4,No
2087,Currus UC-22,Urban,Convenience,4,No
2088,Currus UC-23,Urban,Convenience,4,No
2089,Currus UC-24,Urban,Convenience,4,No
2090,Currus UC-25,Urban,Convenience,4,No
2091,Currus UC-26,Urban,Convenience,4,No
2092,Currus UC-27,Urban,Convenience,4,No
2093,Currus UC-28,Urban,Convenience,4,No
2094,Currus UC-29,Urban,Convenience,4,No
2095,Currus UC-30,Urban,Convenience,4,No
2096,Currus UC-31,Urban,Convenience,4,No
2171,Victoria UC-01,Urban,Convenience,14,No
2172,Victoria UC-02,Urban,Convenience,14,No
2173,Victoria UC-03,Urban,Convenience,14,No
2174,Victoria UC-04,Urban,Convenience,14,No
2175,Victoria UC-05,Urban,Convenience,14,No
2176,Victoria UC-06,Urban,Convenience,14,No
2177,Victoria UC-07,Urban,Convenience,14,No
2178,Victoria UC-08,Urban,Convenience,14,No
2179,Victoria UC-09,Urban,Convenience,14,No
2180,Victoria UC-10,Urban,Convenience,14,No
2181,Victoria UC-11,Urban,Convenience,14,No
2182,Victoria UC-12,Urban,Convenience,14,No
2183,Victoria UC-13,Urban,Convenience,14,No
2184,Victoria UC-14,Urban,Convenience,14,No
2185,Victoria UC-15,Urban,Convenience,14,No
2186,Victoria UC-16,Urban,Convenience,14,No
2353,Aliqui UC-01,Urban,Convenience,2,No
2354,Aliqui UC-02,Urban,Convenience,2,No
2355,Aliqui UC-03,Urban,Convenience,2,No
2356,Aliqui UC-04,Urban,Convenience,2,No
2357,Aliqui UC-05,Urban,Convenience,2,No
2358,Aliqui UC-06,Urban,Convenience,2,No
2359,Aliqui UC-07,Urban,Convenience,2,No
2360,Aliqui UC-08,Urban,Convenience,2,No
2361,Aliqui UC-09,Urban,Convenience,2,No
2362,Aliqui UC-10,Urban,Convenience,2,No
2363,Aliqui UC-11,Urban,Convenience,2,No
2364,Aliqui UC-12,Urban,Convenience,2,No
2365,Aliqui UC-13,Urban,Convenience,2,No
2366,Aliqui UC-14,Urban,Convenience,2,No
2367,Aliqui UC-15,Urban,Convenience,2,No
2368,Aliqui UC-16,Urban,Convenience,2,No
2369,Aliqui UC-17,Urban,Convenience,2,No
2370,Aliqui UC-18,Urban,Convenience,2,No
2371,Aliqui UC-19,Urban,Convenience,2,No
2372,Aliqui UC-20,Urban,Convenience,2,No
2373,Aliqui UC-21,Urban,Convenience,2,No
2374,Aliqui UC-22,Urban,Convenience,2,No
2375,Aliqui UC-23,Urban,Convenience,2,No
2376,Aliqui UC-24,Urban,Convenience,2,No
2377,Aliqui UC-25,Urban,Convenience,2,No
2378,Aliqui UC-26,Urban,Convenience,2,No
2379,Aliqui UC-27,Urban,Convenience,2,No
2380,Aliqui UC-28,Urban,Convenience,2,No
2381,Aliqui UC-29,Urban,Convenience,2,No
2382,Aliqui UC-30,Urban,Convenience,2,No
2383,Aliqui UC-31,Urban,Convenience,2,No
2384,Aliqui UC-32,Urban,Convenience,2,No
2385,Aliqui UC-33,Urban,Convenience,2,No
2386,Aliqui UC-34,Urban,Convenience,2,No
2387,Aliqui UC-35,Urban,Convenience,2,No
2388,Aliqui UC-36,Urban,Convenience,2,No
2389,Aliqui UC-37,Urban,Convenience,2,No
2390,Aliqui UC-38,Urban,Convenience,2,No
2391,Aliqui UC-39,Urban,Convenience,2,No
387,Fama UC-01,Urban,Convenience,5,No
388,Fama UC-02,Urban,Convenience,5,No
389,Fama UC-03,Urban,Convenience,5,No
390,Fama UC-04,Urban,Convenience,5,No
391,Fama UC-05,Urban,Convenience,5,No
938,Natura UC-01,Urban,Convenience,8,No
939,Natura UC-02,Urban,Convenience,8,No
940,Natura UC-03,Urban,Convenience,8,No
941,Natura UC-04,Urban,Convenience,8,No
942,Natura UC-05,Urban,Convenience,8,No
943,Natura UC-06,Urban,Convenience,8,No
944,Natura UC-07,Urban,Convenience,8,No
945,Natura UC-08,Urban,Convenience,8,No
946,Natura UC-09,Urban,Convenience,8,No
947,Natura UC-10,Urban,Convenience,8,No
948,Natura UC-11,Urban,Convenience,8,No
949,Natura UC-12,Urban,Convenience,8,No
950,Natura UC-13,Urban,Convenience,8,No
951,Natura UC-14,Urban,Convenience,8,No
952,Natura UC-15,Urban,Convenience,8,No
953,Natura UC-16,Urban,Convenience,8,No
954,Natura UC-17,Urban,Convenience,8,No
955,Natura UC-18,Urban,Convenience,8,No
956,Natura UC-19,Urban,Convenience,8,No
957,Natura UC-20,Urban,Convenience,8,No
958,Natura UC-21,Urban,Convenience,8,No
959,Natura UC-22,Urban,Convenience,8,No
960,Natura UC-23,Urban,Convenience,8,No
961,Natura UC-24,Urban,Convenience,8,No
962,Natura UC-25,Urban,Convenience,8,No
963,Natura UC-26,Urban,Convenience,8,No
964,Natura UC-27,Urban,Convenience,8,No
965,Natura UC-28,Urban,Convenience,8,No
966,Natura UC-29,Urban,Convenience,8,No
967,Natura UC-30,Urban,Convenience,8,No
968,Natura UC-31,Urban,Convenience,8,No
969,Natura UC-32,Urban,Convenience,8,No
970,Natura UC-33,Urban,Convenience,8,No
971,Natura UC-34,Urban,Convenience,8,No
972,Natura UC-35,Urban,Convenience,8,No
973,Natura UC-36,Urban,Convenience,8,No
974,Natura UC-37,Urban,Convenience,8,No
975,Natura UC-38,Urban,Convenience,8,No
976,Natura UC-39,Urban,Convenience,8,No
977,Natura UC-40,Urban,Convenience,8,No
978,Natura UC-41,Urban,Convenience,8,No
979,Natura UC-42,Urban,Convenience,8,No
980,Natura UC-43,Urban,Convenience,8,No
981,Natura UC-44,Urban,Convenience,8,No
982,Natura UC-45,Urban,Convenience,8,No
983,Natura UC-46,Urban,Convenience,8,No
984,Natura UC-47,Urban,Convenience,8,No
985,Natura UC-48,Urban,Convenience,8,No
986,Natura UC-49,Urban,Convenience,8,No
987,Natura UC-50,Urban,Convenience,8,No
988,Natura UC-51,Urban,Convenience,8,No
989,Natura UC-52,Urban,Convenience,8,No
990,Natura UC-53,Urban,Convenience,8,No
991,Natura UC-54,Urban,Convenience,8,No
992,Natura UC-55,Urban,Convenience,8,No
993,Natura UC-56,Urban,Convenience,8,No
994,Natura UC-57,Urban,Convenience,8,No
995,Natura UC-58,Urban,Convenience,8,No
996,Natura UC-59,Urban,Convenience,8,No
997,Natura UC-60,Urban,Convenience,8,No
998,Natura UC-61,Urban,Convenience,8,No
999,Natura UC-62,Urban,Convenience,8,No
1165,Pirum UE-01,Urban,Extreme,10,No
1166,Pirum UE-02,Urban,Extreme,10,No
1167,Pirum UE-03,Urban,Extreme,10,No
1168,Pirum UE-04,Urban,Extreme,10,No
1169,Pirum UE-05,Urban,Extreme,10,No
1170,Pirum UE-06,Urban,Extreme,10,No
1171,Pirum UE-07,Urban,Extreme,10,No
1172,Pirum UE-08,Urban,Extreme,10,No
1173,Pirum UE-09,Urban,Extreme,10,No
1174,Pirum UE-10,Urban,Extreme,10,No
1175,Pirum UE-11,Urban,Extreme,10,No
1176,Pirum UE-12,Urban,Extreme,10,No
1177,Pirum UE-13,Urban,Extreme,10,No
1178,Pirum UE-14,Urban,Extreme,10,No
1179,Pirum UE-15,Urban,Extreme,10,No
1180,Pirum UE-16,Urban,Extreme,10,No
1181,Pirum UE-17,Urban,Extreme,10,No
1182,Pirum UE-18,Urban,Extreme,10,No
1183,Pirum UE-19,Urban,Extreme,10,No
1184,Pirum UE-20,Urban,Extreme,10,No
1185,Pirum UE-21,Urban,Extreme,10,No
1186,Pirum UE-22,Urban,Extreme,10,No
1187,Pirum UE-23,Urban,Extreme,10,No
1188,Pirum UE-24,Urban,Extreme,10,No
1189,Pirum UE-25,Urban,Extreme,10,No
1190,Pirum UE-26,Urban,Extreme,10,No
1191,Pirum UE-27,Urban,Extreme,10,No
1192,Pirum UE-28,Urban,Extreme,10,No
1193,Pirum UE-29,Urban,Extreme,10,No
1194,Pirum UE-30,Urban,Extreme,10,No
1195,Pirum UE-31,Urban,Extreme,10,No
1196,Pirum UE-32,Urban,Extreme,10,No
1197,Pirum UE-33,Urban,Extreme,10,No
1198,Pirum UE-34,Urban,Extreme,10,No
1671,Quibus UE-01,Urban,Extreme,12,No
1672,Quibus UE-02,Urban,Extreme,12,No
1673,Quibus UE-03,Urban,Extreme,12,No
1674,Quibus UE-04,Urban,Extreme,12,No
1675,Quibus UE-05,Urban,Extreme,12,No
1676,Quibus UE-06,Urban,Extreme,12,No
1677,Quibus UE-07,Urban,Extreme,12,No
1678,Quibus UE-08,Urban,Extreme,12,No
1679,Quibus UE-09,Urban,Extreme,12,No
1680,Quibus UE-10,Urban,Extreme,12,No
1681,Quibus UE-11,Urban,Extreme,12,No
1682,Quibus UE-12,Urban,Extreme,12,No
1683,Quibus UE-13,Urban,Extreme,12,No
1684,Quibus UE-14,Urban,Extreme,12,No
1685,Quibus UE-15,Urban,Extreme,12,No
1686,Quibus UE-16,Urban,Extreme,12,No
1687,Quibus UE-17,Urban,Extreme,12,No
1688,Salvus UE-01,Urban,Extreme,13,No
173,Abbas UE-01,Urban,Extreme,1,No
174,Abbas UE-02,Urban,Extreme,1,No
175,Abbas UE-03,Urban,Extreme,1,No
176,Abbas UE-04,Urban,Extreme,1,No
1766,Pomum UE-01,Urban,Extreme,11,No
1767,Pomum UE-02,Urban,Extreme,11,No
1768,Pomum UE-03,Urban,Extreme,11,No
1769,Pomum UE-04,Urban,Extreme,11,No
177,Abbas UE-05,Urban,Extreme,1,No
1770,Pomum UE-05,Urban,Extreme,11,No
1771,Pomum UE-06,Urban,Extreme,11,No
1772,Pomum UE-07,Urban,Extreme,11,No
1773,Pomum UE-08,Urban,Extreme,11,No
1774,Pomum UE-09,Urban,Extreme,11,No
1775,Pomum UE-10,Urban,Extreme,11,No
1776,Pomum UE-11,Urban,Extreme,11,No
1777,Pomum UE-12,Urban,Extreme,11,No
1778,Pomum UE-13,Urban,Extreme,11,No
1779,Pomum UE-14,Urban,Extreme,11,No
178,Abbas UE-06,Urban,Extreme,1,No
1780,Pomum UE-15,Urban,Extreme,11,No
1781,Pomum UE-16,Urban,Extreme,11,No
1782,Pomum UE-17,Urban,Extreme,11,No
1783,Pomum UE-18,Urban,Extreme,11,No
1784,Pomum UE-19,Urban,Extreme,11,No
1785,Pomum UE-20,Urban,Extreme,11,No
1786,Pomum UE-21,Urban,Extreme,11,No
1787,Pomum UE-22,Urban,Extreme,11,No
1788,Pomum UE-23,Urban,Extreme,11,No
1789,Pomum UE-24,Urban,Extreme,11,No
179,Abbas UE-07,Urban,Extreme,1,No
1790,Pomum UE-25,Urban,Extreme,11,No
1791,Pomum UE-26,Urban,Extreme,11,No
1792,Pomum UE-27,Urban,Extreme,11,No
1793,Pomum UE-28,Urban,Extreme,11,No
1794,Pomum UE-29,Urban,Extreme,11,No
180,Abbas UE-08,Urban,Extreme,1,No
181,Abbas UE-09,Urban,Extreme,1,No
182,Abbas UE-10,Urban,Extreme,1,No
183,Abbas UE-11,Urban,Extreme,1,No
184,Abbas UE-12,Urban,Extreme,1,No
185,Abbas UE-13,Urban,Extreme,1,No
186,Abbas UE-14,Urban,Extreme,1,No
187,Abbas UE-15,Urban,Extreme,1,No
188,Abbas UE-16,Urban,Extreme,1,No
2041,Currus UE-01,Urban,Extreme,4,No
2042,Currus UE-02,Urban,Extreme,4,No
2043,Currus UE-03,Urban,Extreme,4,No
2044,Currus UE-04,Urban,Extreme,4,No
2045,Currus UE-05,Urban,Extreme,4,No
2046,Currus UE-06,Urban,Extreme,4,No
2047,Currus UE-07,Urban,Extreme,4,No
2048,Currus UE-08,Urban,Extreme,4,No
2049,Currus UE-09,Urban,Extreme,4,No
2050,Currus UE-10,Urban,Extreme,4,No
2051,Currus UE-11,Urban,Extreme,4,No
2052,Currus UE-12,Urban,Extreme,4,No
2053,Currus UE-13,Urban,Extreme,4,No
2054,Currus UE-14,Urban,Extreme,4,No
2055,Currus UE-15,Urban,Extreme,4,No
2056,Currus UE-16,Urban,Extreme,4,No
2057,Currus UE-17,Urban,Extreme,4,No
2058,Currus UE-18,Urban,Extreme,4,No
2059,Currus UE-19,Urban,Extreme,4,No
2060,Currus UE-20,Urban,Extreme,4,No
2061,Currus UE-21,Urban,Extreme,4,No
2062,Currus UE-22,Urban,Extreme,4,No
2063,Currus UE-23,Urban,Extreme,4,No
2064,Currus UE-24,Urban,Extreme,4,No
2065,Currus UE-25,Urban,Extreme,4,No
2148,Victoria UE-01,Urban,Extreme,14,No
2149,Victoria UE-02,Urban,Extreme,14,No
2150,Victoria UE-03,Urban,Extreme,14,No
2151,Victoria UE-04,Urban,Extreme,14,No
2152,Victoria UE-05,Urban,Extreme,14,No
2153,Victoria UE-06,Urban,Extreme,14,No
2154,Victoria UE-07,Urban,Extreme,14,No
2155,Victoria UE-08,Urban,Extreme,14,No
2156,Victoria UE-09,Urban,Extreme,14,No
2157,Victoria UE-10,Urban,Extreme,14,No
2158,Victoria UE-11,Urban,Extreme,14,No
2159,Victoria UE-12,Urban,Extreme,14,No
2160,Victoria UE-13,Urban,Extreme,14,No
2161,Victoria UE-14,Urban,Extreme,14,No
2162,Victoria UE-15,Urban,Extreme,14,No
2163,Victoria UE-16,Urban,Extreme,14,No
2164,Victoria UE-17,Urban,Extreme,14,No
2165,Victoria UE-18,Urban,Extreme,14,No
2166,Victoria UE-19,Urban,Extreme,14,No
2167,Victoria UE-20,Urban,Extreme,14,No
2168,Victoria UE-21,Urban,Extreme,14,No
2169,Victoria UE-22,Urban,Extreme,14,No
2170,Victoria UE-23,Urban,Extreme,14,No
2327,Aliqui UE-01,Urban,Extreme,2,No
2328,Aliqui UE-02,Urban,Extreme,2,No
2329,Aliqui UE-03,Urban,Extreme,2,No
2330,Aliqui UE-04,Urban,Extreme,2,No
2331,Aliqui UE-05,Urban,Extreme,2,No
2332,Aliqui UE-06,Urban,Extreme,2,No
2333,Aliqui UE-07,Urban,Extreme,2,No
2334,Aliqui UE-08,Urban,Extreme,2,No
2335,Aliqui UE-09,Urban,Extreme,2,No
2336,Aliqui UE-10,Urban,Extreme,2,No
2337,Aliqui UE-11,Urban,Extreme,2,No
2338,Aliqui UE-12,Urban,Extreme,2,No
2339,Aliqui UE-13,Urban,Extreme,2,No
2340,Aliqui UE-14,Urban,Extreme,2,No
2341,Aliqui UE-15,Urban,Extreme,2,No
2342,Aliqui UE-16,Urban,Extreme,2,No
2343,Aliqui UE-17,Urban,Extreme,2,No
2344,Aliqui UE-18,Urban,Extreme,2,No
2345,Aliqui UE-19,Urban,Extreme,2,No
2346,Aliqui UE-20,Urban,Extreme,2,No
2347,Aliqui UE-21,Urban,Extreme,2,No
2348,Aliqui UE-22,Urban,Extreme,2,No
2349,Aliqui UE-23,Urban,Extreme,2,No
2350,Aliqui UE-24,Urban,Extreme,2,No
2351,Aliqui UE-25,Urban,Extreme,2,No
2352,Aliqui UE-26,Urban,Extreme,2,No
513,Maximus UE-01,Urban,Extreme,7,No
514,Maximus UE-02,Urban,Extreme,7,No
515,Maximus UE-03,Urban,Extreme,7,No
516,Maximus UE-04,Urban,Extreme,7,No
517,Maximus UE-05,Urban,Extreme,7,No
518,Maximus UE-06,Urban,Extreme,7,No
519,Maximus UE-07,Urban,Extreme,7,No
520,Maximus UE-08,Urban,Extreme,7,No
521,Maximus UE-09,Urban,Extreme,7,No
522,Maximus UE-10,Urban,Extreme,7,No
523,Maximus UE-11,Urban,Extreme,7,No
524,Maximus UE-12,Urban,Extreme,7,No
525,Maximus UE-13,Urban,Extreme,7,No
526,Maximus UE-14,Urban,Extreme,7,No
527,Maximus UE-15,Urban,Extreme,7,No
528,Maximus UE-16,Urban,Extreme,7,No
529,Maximus UE-17,Urban,Extreme,7,No
530,Maximus UE-18,Urban,Extreme,7,No
531,Maximus UE-19,Urban,Extreme,7,No
532,Maximus UE-20,Urban,Extreme,7,No
533,Maximus UE-21,Urban,Extreme,7,No
534,Maximus UE-22,Urban,Extreme,7,No
535,Maximus UE-23,Urban,Extreme,7,No
892,Natura UE-01,Urban,Extreme,8,No
893,Natura UE-02,Urban,Extreme,8,No
894,Natura UE-03,Urban,Extreme,8,No
895,Natura UE-04,Urban,Extreme,8,No
896,Natura UE-05,Urban,Extreme,8,No
897,Natura UE-06,Urban,Extreme,8,No
898,Natura UE-07,Urban,Extreme,8,No
899,Natura UE-08,Urban,Extreme,8,No
900,Natura UE-09,Urban,Extreme,8,No
901,Natura UE-10,Urban,Extreme,8,No
902,Natura UE-11,Urban,Extreme,8,No
903,Natura UE-12,Urban,Extreme,8,No
904,Natura UE-13,Urban,Extreme,8,No
905,Natura UE-14,Urban,Extreme,8,No
906,Natura UE-15,Urban,Extreme,8,No
907,Natura UE-16,Urban,Extreme,8,No
908,Natura UE-17,Urban,Extreme,8,No
909,Natura UE-18,Urban,Extreme,8,No
910,Natura UE-19,Urban,Extreme,8,No
911,Natura UE-20,Urban,Extreme,8,No
912,Natura UE-21,Urban,Extreme,8,No
913,Natura UE-22,Urban,Extreme,8,No
914,Natura UE-23,Urban,Extreme,8,No
915,Natura UE-24,Urban,Extreme,8,No
916,Natura UE-25,Urban,Extreme,8,No
917,Natura UE-26,Urban,Extreme,8,No
918,Natura UE-27,Urban,Extreme,8,No
919,Natura UE-28,Urban,Extreme,8,No
920,Natura UE-29,Urban,Extreme,8,No
921,Natura UE-30,Urban,Extreme,8,No
922,Natura UE-31,Urban,Extreme,8,No
923,Natura UE-32,Urban,Extreme,8,No
924,Natura UE-33,Urban,Extreme,8,No
925,Natura UE-34,Urban,Extreme,8,No
926,Natura UE-35,Urban,Extreme,8,No
927,Natura UE-36,Urban,Extreme,8,No
928,Natura UE-37,Urban,Extreme,8,No
929,Natura UE-38,Urban,Extreme,8,No
930,Natura UE-39,Urban,Extreme,8,No
931,Natura UE-40,Urban,Extreme,8,No
932,Natura UE-41,Urban,Extreme,8,No
933,Natura UE-42,Urban,Extreme,8,No
934,Natura UE-43,Urban,Extreme,8,No
935,Natura UE-44,Urban,Extreme,8,No
936,Natura UE-45,Urban,Extreme,8,No
937,Natura UE-46,Urban,Extreme,8,No
280,Fama UE-01,Urban,Extreme,5,No
281,Fama UE-02,Urban,Extreme,5,No
282,Fama UE-03,Urban,Extreme,5,No
283,Fama UE-04,Urban,Extreme,5,No
284,Fama UE-05,Urban,Extreme,5,No
285,Fama UE-06,Urban,Extreme,5,No
286,Fama UE-07,Urban,Extreme,5,No
287,Fama UE-08,Urban,Extreme,5,No
288,Fama UE-09,Urban,Extreme,5,No
289,Fama UE-10,Urban,Extreme,5,No
290,Fama UE-11,Urban,Extreme,5,No
291,Fama UE-12,Urban,Extreme,5,No
292,Fama UE-13,Urban,Extreme,5,No
293,Fama UE-14,Urban,Extreme,5,No
294,Fama UE-15,Urban,Extreme,5,No
295,Fama UE-16,Urban,Extreme,5,No
296,Fama UE-17,Urban,Extreme,5,No
297,Fama UE-18,Urban,Extreme,5,No
298,Fama UE-19,Urban,Extreme,5,No
299,Fama UE-20,Urban,Extreme,5,No
300,Fama UE-21,Urban,Extreme,5,No
301,Fama UE-22,Urban,Extreme,5,No
302,Fama UE-23,Urban,Extreme,5,No
303,Fama UE-24,Urban,Extreme,5,No
304,Fama UE-25,Urban,Extreme,5,No
305,Fama UE-26,Urban,Extreme,5,No
306,Fama UE-27,Urban,Extreme,5,No
307,Fama UE-28,Urban,Extreme,5,No
308,Fama UE-29,Urban,Extreme,5,No
309,Fama UE-30,Urban,Extreme,5,No
310,Fama UE-31,Urban,Extreme,5,No
311,Fama UE-32,Urban,Extreme,5,No
312,Fama UE-33,Urban,Extreme,5,No
313,Fama UE-34,Urban,Extreme,5,No
314,Fama UE-35,Urban,Extreme,5,No
315,Fama UE-36,Urban,Extreme,5,No
316,Fama UE-37,Urban,Extreme,5,No
317,Fama UE-38,Urban,Extreme,5,No
318,Fama UE-39,Urban,Extreme,5,No
319,Fama UE-40,Urban,Extreme,5,No
320,Fama UE-41,Urban,Extreme,5,No
321,Fama UE-42,Urban,Extreme,5,No
322,Fama UE-43,Urban,Extreme,5,No
323,Fama UE-44,Urban,Extreme,5,No
324,Fama UE-45,Urban,Extreme,5,No
325,Fama UE-46,Urban,Extreme,5,No
326,Fama UE-47,Urban,Extreme,5,No
327,Fama UE-48,Urban,Extreme,5,No
328,Fama UE-49,Urban,Extreme,5,No
329,Fama UE-50,Urban,Extreme,5,No
330,Fama UE-51,Urban,Extreme,5,No
331,Fama UE-52,Urban,Extreme,5,No
332,Fama UE-53,Urban,Extreme,5,No
333,Fama UE-54,Urban,Extreme,5,No
334,Fama UE-55,Urban,Extreme,5,No
335,Fama UE-56,Urban,Extreme,5,No
336,Fama UE-57,Urban,Extreme,5,No
337,Fama UE-58,Urban,Extreme,5,No
338,Fama UE-59,Urban,Extreme,5,No
339,Fama UE-60,Urban,Extreme,5,No
340,Fama UE-61,Urban,Extreme,5,No
341,Fama UE-62,Urban,Extreme,5,No
342,Fama UE-63,Urban,Extreme,5,No
343,Fama UE-64,Urban,Extreme,5,No
344,Fama UE-65,Urban,Extreme,5,No
345,Fama UE-66,Urban,Extreme,5,No
346,Fama UE-67,Urban,Extreme,5,No
347,Fama UE-68,Urban,Extreme,5,No
348,Fama UE-69,Urban,Extreme,5,No
349,Fama UE-70,Urban,Extreme,5,No
350,Fama UE-71,Urban,Extreme,5,No
351,Fama UE-72,Urban,Extreme,5,No
352,Fama UE-73,Urban,Extreme,5,No
353,Fama UE-74,Urban,Extreme,5,No
354,Fama UE-75,Urban,Extreme,5,No
355,Fama UE-76,Urban,Extreme,5,No
356,Fama UE-77,Urban,Extreme,5,No
357,Fama UE-78,Urban,Extreme,5,No
358,Fama UE-79,Urban,Extreme,5,No
359,Fama UE-80,Urban,Extreme,5,No
360,Fama UE-81,Urban,Extreme,5,No
361,Fama UE-82,Urban,Extreme,5,No
362,Fama UE-83,Urban,Extreme,5,No
363,Fama UE-84,Urban,Extreme,5,No
364,Fama UE-85,Urban,Extreme,5,No
365,Fama UE-86,Urban,Extreme,5,No
366,Fama UE-87,Urban,Extreme,5,No
367,Fama UE-88,Urban,Extreme,5,No
368,Fama UE-89,Urban,Extreme,5,No
369,Fama UE-90,Urban,Extreme,5,No
370,Fama UE-91,Urban,Extreme,5,No
371,Fama UE-92,Urban,Extreme,5,No
372,Fama UE-93,Urban,Extreme,5,No
373,Fama UE-94,Urban,Extreme,5,No
374,Fama UE-95,Urban,Extreme,5,No
375,Fama UE-96,Urban,Extreme,5,No
376,Fama UE-97,Urban,Extreme,5,No
377,Fama UE-98,Urban,Extreme,5,No
378,Fama UE-99,Urban,Extreme,5,No
379,Fama UE-00,Urban,Extreme,5,No
380,Fama UE-01,Urban,Extreme,5,No
381,Fama UE-02,Urban,Extreme,5,No
382,Fama UE-03,Urban,Extreme,5,No
383,Fama UE-04,Urban,Extreme,5,No
384,Fama UE-05,Urban,Extreme,5,No
385,Fama UE-06,Urban,Extreme,5,No
386,Fama UE-07,Urban,Extreme,5,No
396,Maximus UM-01,Urban,Moderation,7,Yes
397,Maximus UM-02,Urban,Moderation,7,Yes
398,Maximus UM-03,Urban,Moderation,7,Yes
399,Maximus UM-04,Urban,Moderation,7,Yes
400,Maximus UM-05,Urban,Moderation,7,Yes
401,Maximus UM-06,Urban,Moderation,7,Yes
402,Maximus UM-07,Urban,Moderation,7,Yes
403,Maximus UM-08,Urban,Moderation,7,Yes
404,Maximus UM-09,Urban,Moderation,7,Yes
405,Maximus UM-10,Urban,Moderation,7,Yes
406,Maximus UM-11,Urban,Moderation,7,Yes
407,Maximus UM-12,Urban,Moderation,7,Yes
408,Maximus UM-13,Urban,Moderation,7,Yes
409,Maximus UM-14,Urban,Moderation,7,Yes
410,Maximus UM-15,Urban,Moderation,7,Yes
411,Maximus UM-16,Urban,Moderation,7,Yes
412,Maximus UM-17,Urban,Moderation,7,Yes
413,Maximus UM-18,Urban,Moderation,7,Yes
414,Maximus UM-19,Urban,Moderation,7,Yes
415,Maximus UM-20,Urban,Moderation,7,Yes
416,Maximus UM-21,Urban,Moderation,7,Yes
417,Maximus UM-22,Urban,Moderation,7,Yes
418,Maximus UM-23,Urban,Moderation,7,Yes
419,Maximus UM-24,Urban,Moderation,7,Yes
420,Maximus UM-25,Urban,Moderation,7,Yes
421,Maximus UM-26,Urban,Moderation,7,Yes
422,Maximus UM-27,Urban,Moderation,7,Yes
423,Maximus UM-28,Urban,Moderation,7,Yes
424,Maximus UM-29,Urban,Moderation,7,Yes
425,Maximus UM-30,Urban,Moderation,7,Yes
426,Maximus UM-31,Urban,Moderation,7,Yes
427,Maximus UM-32,Urban,Moderation,7,Yes
428,Maximus UM-33,Urban,Moderation,7,Yes
429,Maximus UM-34,Urban,Moderation,7,Yes
430,Maximus UM-35,Urban,Moderation,7,Yes
431,Maximus UM-36,Urban,Moderation,7,Yes
432,Maximus UM-37,Urban,Moderation,7,Yes
433,Maximus UM-38,Urban,Moderation,7,Yes
434,Maximus UM-39,Urban,Moderation,7,Yes
435,Maximus UM-40,Urban,Moderation,7,Yes
436,Maximus UM-41,Urban,Moderation,7,Yes
437,Maximus UM-42,Urban,Moderation,7,Yes
438,Maximus UM-43,Urban,Moderation,7,Yes
439,Maximus UM-44,Urban,Moderation,7,Yes
440,Maximus UM-45,Urban,Moderation,7,Yes
441,Maximus UM-46,Urban,Moderation,7,Yes
442,Maximus UM-47,Urban,Moderation,7,Yes
443,Maximus UM-48,Urban,Moderation,7,Yes
444,Maximus UM-49,Urban,Moderation,7,Yes
445,Maximus UM-50,Urban,Moderation,7,Yes
446,Maximus UM-51,Urban,Moderation,7,Yes
447,Maximus UM-52,Urban,Moderation,7,Yes
448,Maximus UM-53,Urban,Moderation,7,Yes
449,Maximus UM-54,Urban,Moderation,7,Yes
450,Maximus UM-55,Urban,Moderation,7,Yes
451,Maximus UM-56,Urban,Moderation,7,Yes
452,Maximus UM-57,Urban,Moderation,7,Yes
453,Maximus UM-58,Urban,Moderation,7,Yes
454,Maximus UM-59,Urban,Moderation,7,Yes
455,Maximus UM-60,Urban,Moderation,7,Yes
456,Maximus UM-61,Urban,Moderation,7,Yes
457,Maximus UM-62,Urban,Moderation,7,Yes
458,Maximus UM-63,Urban,Moderation,7,Yes
459,Maximus UM-64,Urban,Moderation,7,Yes
460,Maximus UM-65,Urban,Moderation,7,Yes
461,Maximus UM-66,Urban,Moderation,7,Yes
462,Maximus UM-67,Urban,Moderation,7,Yes
463,Maximus UM-68,Urban,Moderation,7,Yes
464,Maximus UM-69,Urban,Moderation,7,Yes
465,Maximus UM-70,Urban,Moderation,7,Yes
466,Maximus UM-71,Urban,Moderation,7,Yes
467,Maximus UM-72,Urban,Moderation,7,Yes
468,Maximus UM-73,Urban,Moderation,7,Yes
469,Maximus UM-74,Urban,Moderation,7,Yes
470,Maximus UM-75,Urban,Moderation,7,Yes
471,Maximus UM-76,Urban,Moderation,7,Yes
472,Maximus UM-77,Urban,Moderation,7,Yes
473,Maximus UM-78,Urban,Moderation,7,Yes
474,Maximus UM-79,Urban,Moderation,7,Yes
475,Maximus UM-80,Urban,Moderation,7,Yes
476,Maximus UM-81,Urban,Moderation,7,Yes
477,Maximus UM-82,Urban,Moderation,7,Yes
478,Maximus UM-83,Urban,Moderation,7,Yes
479,Maximus UM-84,Urban,Moderation,7,Yes
480,Maximus UM-85,Urban,Moderation,7,Yes
481,Maximus UM-86,Urban,Moderation,7,Yes
482,Maximus UM-87,Urban,Moderation,7,Yes
483,Maximus UM-88,Urban,Moderation,7,Yes
484,Maximus UM-89,Urban,Moderation,7,Yes
485,Maximus UM-90,Urban,Moderation,7,Yes
486,Maximus UM-91,Urban,Moderation,7,Yes
487,Maximus UM-92,Urban,Moderation,7,Yes
488,Maximus UM-93,Urban,Moderation,7,Yes
489,Maximus UM-94,Urban,Moderation,7,Yes
490,Maximus UM-95,Urban,Moderation,7,Yes
491,Maximus UM-96,Urban,Moderation,7,Yes
492,Maximus UM-97,Urban,Moderation,7,Yes
493,Maximus UM-98,Urban,Moderation,7,Yes
494,Maximus UM-99,Urban,Moderation,7,Yes
495,Maximus UM-00,Urban,Moderation,7,Yes
496,Maximus UM-01,Urban,Moderation,7,Yes
497,Maximus UM-02,Urban,Moderation,7,Yes
498,Maximus UM-03,Urban,Moderation,7,Yes
499,Maximus UM-04,Urban,Moderation,7,Yes
500,Maximus UM-05,Urban,Moderation,7,Yes
501,Maximus UM-06,Urban,Moderation,7,Yes
502,Maximus UM-07,Urban,Moderation,7,Yes
503,Maximus UM-08,Urban,Moderation,7,Yes
504,Maximus UM-09,Urban,Moderation,7,Yes
505,Maximus UM-10,Urban,Moderation,7,Yes
506,Maximus UM-11,Urban,Moderation,7,Yes
507,Maximus UM-12,Urban,Moderation,7,Yes
508,Maximus UM-13,Urban,Moderation,7,Yes
509,Maximus UM-14,Urban,Moderation,7,Yes
510,Maximus UM-15,Urban,Moderation,7,Yes
511,Maximus UM-16,Urban,Moderation,7,Yes
100,Abbas UM-27,Urban,Moderation,1,Yes
101,Abbas UM-28,Urban,Moderation,1,Yes
102,Abbas UM-29,Urban,Moderation,1,Yes
1027,Palma UM-01,Urban,Moderation,9,Yes
1028,Palma UM-02,Urban,Moderation,9,Yes
103,Abbas UM-30,Urban,Moderation,1,Yes
104,Abbas UM-31,Urban,Moderation,1,Yes
105,Abbas UM-32,Urban,Moderation,1,Yes
106,Abbas UM-33,Urban,Moderation,1,Yes
107,Abbas UM-34,Urban,Moderation,1,Yes
108,Abbas UM-35,Urban,Moderation,1,Yes
109,Abbas UM-36,Urban,Moderation,1,Yes
110,Abbas UM-37,Urban,Moderation,1,Yes
111,Abbas UM-38,Urban,Moderation,1,Yes
112,Abbas UM-39,Urban,Moderation,1,Yes
1124,Pirum UM-01,Urban,Moderation,10,Yes
1125,Pirum UM-02,Urban,Moderation,10,Yes
1126,Pirum UM-03,Urban,Moderation,10,Yes
1127,Pirum UM-04,Urban,Moderation,10,Yes
1128,Pirum UM-05,Urban,Moderation,10,Yes
1129,Pirum UM-06,Urban,Moderation,10,Yes
113,Abbas UM-40,Urban,Moderation,1,Yes
1130,Pirum UM-07,Urban,Moderation,10,Yes
1131,Pirum UM-08,Urban,Moderation,10,Yes
1132,Pirum UM-09,Urban,Moderation,10,Yes
1133,Pirum UM-10,Urban,Moderation,10,Yes
1134,Pirum UM-11,Urban,Moderation,10,Yes
1135,Pirum UM-12,Urban,Moderation,10,Yes
1136,Pirum UM-13,Urban,Moderation,10,Yes
1137,Pirum UM-14,Urban,Moderation,10,Yes
1138,Pirum UM-15,Urban,Moderation,10,Yes
1139,Pirum UM-16,Urban,Moderation,10,Yes
114,Abbas UM-41,Urban,Moderation,1,Yes
1140,Pirum UM-17,Urban,Moderation,10,Yes
1141,Pirum UM-18,Urban,Moderation,10,Yes
1142,Pirum UM-19,Urban,Moderation,10,Yes
1143,Pirum UM-20,Urban,Moderation,10,Yes
115,Abbas UM-42,Urban,Moderation,1,Yes
116,Abbas UM-43,Urban,Moderation,1,Yes
117,Abbas UM-44,Urban,Moderation,1,Yes
118,Abbas UM-45,Urban,Moderation,1,Yes
119,Abbas UM-46,Urban,Moderation,1,Yes
120,Abbas UM-47,Urban,Moderation,1,Yes
121,Abbas UM-48,Urban,Moderation,1,Yes
122,Abbas UM-49,Urban,Moderation,1,Yes
123,Abbas UM-50,Urban,Moderation,1,Yes
124,Abbas UM-51,Urban,Moderation,1,Yes
125,Abbas UM-52,Urban,Moderation,1,Yes
126,Abbas UM-53,Urban,Moderation,1,Yes
127,Abbas UM-54,Urban,Moderation,1,Yes
128,Abbas UM-55,Urban,Moderation,1,Yes
129,Abbas UM-56,Urban,Moderation,1,Yes
1749,Pomum UM-01,Urban,Moderation,11,Yes
1750,Pomum UM-02,Urban,Moderation,11,Yes
1751,Pomum UM-03,Urban,Moderation,11,Yes
1752,Pomum UM-04,Urban,Moderation,11,Yes
1753,Pomum UM-05,Urban,Moderation,11,Yes
1754,Pomum UM-06,Urban,Moderation,11,Yes
1863,Leo UM-01,Urban,Moderation,6,Yes
1864,Leo UM-02,Urban,Moderation,6,Yes
1865,Leo UM-03,Urban,Moderation,6,Yes
1866,Leo UM-04,Urban,Moderation,6,Yes
1867,Leo UM-05,Urban,Moderation,6,Yes
1868,Leo UM-06,Urban,Moderation,6,Yes
1869,Leo UM-07,Urban,Moderation,6,Yes
1870,Leo UM-08,Urban,Moderation,6,Yes
1871,Leo UM-09,Urban,Moderation,6,Yes
1872,Leo UM-10,Urban,Moderation,6,Yes
1873,Leo UM-11,Urban,Moderation,6,Yes
1874,Leo UM-12,Urban,Moderation,6,Yes
1875,Leo UM-13,Urban,Moderation,6,Yes
1876,Leo UM-14,Urban,Moderation,6,Yes
1877,Leo UM-15,Urban,Moderation,6,Yes
1878,Leo UM-16,Urban,Moderation,6,Yes
1879,Leo UM-17,Urban,Moderation,6,Yes
1880,Leo UM-18,Urban,Moderation,6,Yes
1881,Leo UM-19,Urban,Moderation,6,Yes
199,Barba UM-01,Urban,Moderation,3,Yes
1994,Currus UM-01,Urban,Moderation,4,Yes
1995,Currus UM-02,Urban,Moderation,4,Yes
1996,Currus UM-03,Urban,Moderation,4,Yes
1997,Currus UM-04,Urban,Moderation,4,Yes
200,Barba UM-02,Urban,Moderation,3,Yes
201,Barba UM-03,Urban,Moderation,3,Yes
202,Barba UM-04,Urban,Moderation,3,Yes
203,Barba UM-05,Urban,Moderation,3,Yes
204,Barba UM-06,Urban,Moderation,3,Yes
205,Barba UM-07,Urban,Moderation,3,Yes
206,Barba UM-08,Urban,Moderation,3,Yes
207,Barba UM-09,Urban,Moderation,3,Yes
208,Barba UM-10,Urban,Moderation,3,Yes
209,Barba UM-11,Urban,Moderation,3,Yes
210,Barba UM-12,Urban,Moderation,3,Yes
2110,Victoria UM-01,Urban,Moderation,14,Yes
2111,Victoria UM-02,Urban,Moderation,14,Yes
2112,Victoria UM-03,Urban,Moderation,14,Yes
2113,Victoria UM-04,Urban,Moderation,14,Yes
2114,Victoria UM-05,Urban,Moderation,14,Yes
2115,Victoria UM-06,Urban,Moderation,14,Yes
2116,Victoria UM-07,Urban,Moderation,14,Yes
2117,Victoria UM-08,Urban,Moderation,14,Yes
2118,Victoria UM-09,Urban,Moderation,14,Yes
2119,Victoria UM-10,Urban,Moderation,14,Yes
2120,Victoria UM-11,Urban,Moderation,14,Yes
2121,Victoria UM-12,Urban,Moderation,14,Yes
2122,Victoria UM-13,Urban,Moderation,14,Yes
2123,Victoria UM-14,Urban,Moderation,14,Yes
2124,Victoria UM-15,Urban,Moderation,14,Yes
223,Fama UM-01,Urban,Moderation,5,Yes
224,Fama UM-02,Urban,Moderation,5,Yes
225,Fama UM-03,Urban,Moderation,5,Yes
226,Fama UM-04,Urban,Moderation,5,Yes
227,Fama UM-05,Urban,Moderation,5,Yes
228,Fama UM-06,Urban,Moderation,5,Yes
2286,Aliqui UM-01,Urban,Moderation,2,Yes
2287,Aliqui UM-02,Urban,Moderation,2,Yes
2288,Aliqui UM-03,Urban,Moderation,2,Yes
2289,Aliqui UM-04,Urban,Moderation,2,Yes
2290,Aliqui UM-05,Urban,Moderation,2,Yes
2291,Aliqui UM-06,Urban,Moderation,2,Yes
2292,Aliqui UM-07,Urban,Moderation,2,Yes
2293,Aliqui UM-08,Urban,Moderation,2,Yes
2294,Aliqui UM-09,Urban,Moderation,2,Yes
2295,Aliqui UM-10,Urban,Moderation,2,Yes
2296,Aliqui UM-11,Urban,Moderation,2,Yes
2297,Aliqui UM-12,Urban,Moderation,2,Yes
74,Abbas UM-01,Urban,Moderation,1,Yes
75,Abbas UM-02,Urban,Moderation,1,Yes
76,Abbas UM-03,Urban,Moderation,1,Yes
77,Abbas UM-04,Urban,Moderation,1,Yes
78,Abbas UM-05,Urban,Moderation,1,Yes
79,Abbas UM-06,Urban,Moderation,1,Yes
80,Abbas UM-07,Urban,Moderation,1,Yes
81,Abbas UM-08,Urban,Moderation,1,Yes
817,Natura UM-01,Urban,Moderation,8,No
818,Natura UM-02,Urban,Moderation,8,No
819,Natura UM-03,Urban,Moderation,8,Yes
82,Abbas UM-09,Urban,Moderation,1,Yes
820,Natura UM-04,Urban,Moderation,8,Yes
821,Natura UM-05,Urban,Moderation,8,Yes
822,Natura UM-06,Urban,Moderation,8,Yes
823,Natura UM-07,Urban,Moderation,8,Yes
824,Natura UM-08,Urban,Moderation,8,Yes
825,Natura UM-09,Urban,Moderation,8,Yes
826,Natura UM-10,Urban,Moderation,8,Yes
827,Natura UM-11,Urban,Moderation,8,Yes
828,Natura UM-12,Urban,Moderation,8,Yes
829,Natura UM-13,Urban,Moderation,8,Yes
83,Abbas UM-10,Urban,Moderation,1,Yes
830,Natura UM-14,Urban,Moderation,8,Yes
831,Natura UM-15,Urban,Moderation,8,Yes
832,Natura UM-16,Urban,Moderation,8,Yes
833,Natura UM-17,Urban,Moderation,8,Yes
834,Natura UM-18,Urban,Moderation,8,Yes
835,Natura UM-19,Urban,Moderation,8,Yes
836,Natura UM-20,Urban,Moderation,8,Yes
837,Natura UM-21,Urban,Moderation,8,Yes
838,Natura UM-22,Urban,Moderation,8,Yes
839,Natura UM-23,Urban,Moderation,8,Yes
84,Abbas UM-11,Urban,Moderation,1,Yes
840,Natura UM-24,Urban,Moderation,8,Yes
841,Natura UM-25,Urban,Moderation,8,No
842,Natura UM-26,Urban,Moderation,8,Yes
843,Natura UM-27,Urban,Moderation,8,Yes
844,Natura UM-28,Urban,Moderation,8,Yes
845,Natura UM-29,Urban,Moderation,8,Yes
846,Natura UM-30,Urban,Moderation,8,Yes
847,Natura UM-31,Urban,Moderation,8,Yes
848,Natura UM-32,Urban,Moderation,8,Yes
849,Natura UM-33,Urban,Moderation,8,Yes
85,Abbas UM-12,Urban,Moderation,1,Yes
850,Natura UM-34,Urban,Moderation,8,Yes
851,Natura UM-35,Urban,Moderation,8,Yes
852,Natura UM-36,Urban,Moderation,8,Yes
853,Natura UM-37,Urban,Moderation,8,Yes
854,Natura UM-38,Urban,Moderation,8,Yes
86,Abbas UM-13,Urban,Moderation,1,Yes
87,Abbas UM-14,Urban,Moderation,1,Yes
88,Abbas UM-15,Urban,Moderation,1,Yes
89,Abbas UM-16,Urban,Moderation,1,Yes
90,Abbas UM-17,Urban,Moderation,1,Yes
91,Abbas UM-18,Urban,Moderation,1,Yes
92,Abbas UM-19,Urban,Moderation,1,Yes
93,Abbas UM-20,Urban,Moderation,1,Yes
94,Abbas UM-21,Urban,Moderation,1,Yes
95,Abbas UM-22,Urban,Moderation,1,Yes
96,Abbas UM-23,Urban,Moderation,1,Yes
97,Abbas UM-24,Urban,Moderation,1,Yes
98,Abbas UM-25,Urban,Moderation,1,Yes
99,Abbas UM-26,Urban,Moderation,1,Yes
1144,Pirum UR-01,Urban,Regular,10,Yes
1145,Pirum UR-02,Urban,Regular,10,No
1146,Pirum UR-03,Urban,Regular,10,Yes
1147,Pirum UR-04,Urban,Regular,10,Yes
1148,Pirum UR-05,Urban,Regular,10,Yes
1149,Pirum UR-06,Urban,Regular,10,Yes
1150,Pirum UR-07,Urban,Regular,10,No
1151,Pirum UR-08,Urban,Regular,10,No
1152,Pirum UR-09,Urban,Regular,10,No
1153,Pirum UR-10,Urban,Regular,10,No
1154,Pirum UR-11,Urban,Regular,10,Yes
1155,Pirum UR-12,Urban,Regular,10,Yes
1156,Pirum UR-13,Urban,Regular,10,Yes
1157,Pirum UR-14,Urban,Regular,10,No
1158,Pirum UR-15,Urban,Regular,10,Yes
1159,Pirum UR-16,Urban,Regular,10,Yes
1160,Pirum UR-17,Urban,Regular,10,Yes
1161,Pirum UR-18,Urban,Regular,10,Yes
1162,Pirum UR-19,Urban,Regular,10,No
1163,Pirum UR-20,Urban,Regular,10,Yes
1164,Pirum UR-21,Urban,Regular,10,Yes
130,Abbas UR-01,Urban,Regular,1,Yes
131,Abbas UR-02,Urban,Regular,1,Yes
132,Abbas UR-03,Urban,Regular,1,Yes
133,Abbas UR-04,Urban,Regular,1,Yes
134,Abbas UR-05,Urban,Regular,1,Yes
135,Abbas UR-06,Urban,Regular,1,Yes
136,Abbas UR-07,Urban,Regular,1,Yes
137,Abbas UR-08,Urban,Regular,1,Yes
138,Abbas UR-09,Urban,Regular,1,Yes
139,Abbas UR-10,Urban,Regular,1,Yes
140,Abbas UR-11,Urban,Regular,1,Yes
141,Abbas UR-12,Urban,Regular,1,Yes
142,Abbas UR-13,Urban,Regular,1,Yes
143,Abbas UR-14,Urban,Regular,1,Yes
144,Abbas UR-15,Urban,Regular,1,Yes
145,Abbas UR-16,Urban,Regular,1,Yes
146,Abbas UR-17,Urban,Regular,1,Yes
147,Abbas UR-18,Urban,Regular,1,Yes
148,Abbas UR-19,Urban,Regular,1,Yes
149,Abbas UR-20,Urban,Regular,1,Yes
150,Abbas UR-21,Urban,Regular,1,Yes
151,Abbas UR-22,Urban,Regular,1,Yes
152,Abbas UR-23,Urban,Regular,1,Yes
153,Abbas UR-24,Urban,Regular,1,Yes
154,Abbas UR-25,Urban,Regular,1,Yes
155,Abbas UR-26,Urban,Regular,1,Yes
156,Abbas UR-27,Urban,Regular,1,Yes
157,Abbas UR-28,Urban,Regular,1,Yes
158,Abbas UR-29,Urban,Regular,1,Yes
159,Abbas UR-30,Urban,Regular,1,Yes
160,Abbas UR-31,Urban,Regular,1,Yes
161,Abbas UR-32,Urban,Regular,1,Yes
162,Abbas UR-33,Urban,Regular,1,Yes
163,Abbas UR-34,Urban,Regular,1,Yes
164,Abbas UR-35,Urban,Regular,1,Yes
165,Abbas UR-36,Urban,Regular,1,Yes
166,Abbas UR-37,Urban,Regular,1,Yes
1668,Quibus UR-01,Urban,Regular,12,Yes
1669,Quibus UR-02,Urban,Regular,12,Yes
167,Abbas UR-38,Urban,Regular,1,Yes
1670,Quibus UR-03,Urban,Regular,12,Yes
168,Abbas UR-39,Urban,Regular,1,Yes
169,Abbas UR-40,Urban,Regular,1,Yes
170,Abbas UR-41,Urban,Regular,1,Yes
171,Abbas UR-42,Urban,Regular,1,Yes
172,Abbas UR-43,Urban,Regular,1,Yes
1755,Pomum UR-01,Urban,Regular,11,Yes
1756,Pomum UR-02,Urban,Regular,11,Yes
1757,Pomum UR-03,Urban,Regular,11,Yes
1758,Pomum UR-04,Urban,Regular,11,Yes
1759,Pomum UR-05,Urban,Regular,11,No
1760,Pomum UR-06,Urban,Regular,11,Yes
1761,Pomum UR-07,Urban,Regular,11,Yes
1762,Pomum UR-08,Urban,Regular,11,Yes
1763,Pomum UR-09,Urban,Regular,11,Yes
1764,Pomum UR-10,Urban,Regular,11,Yes
1765,Pomum UR-11,Urban,Regular,11,Yes
1998,Currus UR-01,Urban,Regular,4,No
1999,Currus UR-02,Urban,Regular,4,No
2000,Currus UR-03,Urban,Regular,4,No
2001,Currus UR-04,Urban,Regular,4,No
2002,Currus UR-05,Urban,Regular,4,No
2003,Currus UR-06,Urban,Regular,4,No
2004,Currus UR-07,Urban,Regular,4,Yes
2005,Currus UR-08,Urban,Regular,4,Yes
2006,Currus UR-09,Urban,Regular,4,Yes
2007,Currus UR-10,Urban,Regular,4,Yes
2008,Currus UR-11,Urban,Regular,4,Yes
2009,Currus UR-12,Urban,Regular,4,Yes
2010,Currus UR-13,Urban,Regular,4,No
2011,Currus UR-14,Urban,Regular,4,No
2012,Currus UR-15,Urban,Regular,4,No
2013,Currus UR-16,Urban,Regular,4,No
2014,Currus UR-17,Urban,Regular,4,No
2015,Currus UR-18,Urban,Regular,4,No
2016,Currus UR-19,Urban,Regular,4,No
2017,Currus UR-20,Urban,Regular,4,Yes
2018,Currus UR-21,Urban,Regular,4,Yes
2019,Currus UR-22,Urban,Regular,4,Yes
2020,Currus UR-23,Urban,Regular,4,Yes
2021,Currus UR-24,Urban,Regular,4,Yes
2022,Currus UR-25,Urban,Regular,4,Yes
2023,Currus UR-26,Urban,Regular,4,Yes
2024,Currus UR-27,Urban,Regular,4,Yes
2025,Currus UR-28,Urban,Regular,4,Yes
2026,Currus UR-29,Urban,Regular,4,Yes
2027,Currus UR-30,Urban,Regular,4,No
2028,Currus UR-31,Urban,Regular,4,No
2029,Currus UR-32,Urban,Regular,4,Yes
2030,Currus UR-33,Urban,Regular,4,Yes
2031,Currus UR-34,Urban,Regular,4,Yes
2032,Currus UR-35,Urban,Regular,4,No
2033,Currus UR-36,Urban,Regular,4,No
2034,Currus UR-37,Urban,Regular,4,Yes
2035,Currus UR-38,Urban,Regular,4,No
2036,Currus UR-39,Urban,Regular,4,Yes
2037,Currus UR-40,Urban,Regular,4,Yes
2038,Currus UR-41,Urban,Regular,4,Yes
2039,Currus UR-42,Urban,Regular,4,No
2040,Currus UR-43,Urban,Regular,4,Yes
2125,Victoria UR-01,Urban,Regular,14,Yes
2126,Victoria UR-02,Urban,Regular,14,Yes
2127,Victoria UR-03,Urban,Regular,14,Yes
2128,Victoria UR-04,Urban,Regular,14,Yes
2129,Victoria UR-05,Urban,Regular,14,Yes
2130,Victoria UR-06,Urban,Regular,14,Yes
2131,Victoria UR-07,Urban,Regular,14,Yes
2132,Victoria UR-08,Urban,Regular,14,Yes
2133,Victoria UR-09,Urban,Regular,14,Yes
2134,Victoria UR-10,Urban,Regular,14,Yes
2135,Victoria UR-11,Urban,Regular,14,Yes
2136,Victoria UR-12,Urban,Regular,14,Yes
2137,Victoria UR-13,Urban,Regular,14,Yes
2138,Victoria UR-14,Urban,Regular,14,Yes
2139,Victoria UR-15,Urban,Regular,14,Yes
2140,Victoria UR-16,Urban,Regular,14,Yes
2141,Victoria UR-17,Urban,Regular,14,Yes
2142,Victoria UR-18,Urban,Regular,14,Yes
2143,Victoria UR-19,Urban,Regular,14,Yes
2144,Victoria UR-20,Urban,Regular,14,Yes
2145,Victoria UR-21,Urban,Regular,14,Yes
2146,Victoria UR-22,Urban,Regular,14,Yes
2147,Victoria UR-23,Urban,Regular,14,Yes
229,Fama UR-01,Urban,Regular,5,Yes
2298,Aliqui UR-01,Urban,Regular,2,Yes
2299,Aliqui UR-02,Urban,Regular,2,No
230,Fama UR-02,Urban,Regular,5,Yes
2300,Aliqui UR-03,Urban,Regular,2,Yes
2301,Aliqui UR-04,Urban,Regular,2,Yes
2302,Aliqui UR-05,Urban,Regular,2,Yes
2303,Aliqui UR-06,Urban,Regular,2,No
2304,Aliqui UR-07,Urban,Regular,2,No
2305,Aliqui UR-08,Urban,Regular,2,No
2306,Aliqui UR-09,Urban,Regular,2,No
2307,Aliqui UR-10,Urban,Regular,2,No
2308,Aliqui UR-11,Urban,Regular,2,No
2309,Aliqui UR-12,Urban,Regular,2,No
231,Fama UR-03,Urban,Regular,5,Yes
2310,Aliqui UR-13,Urban,Regular,2,No
2311,Aliqui UR-14,Urban,Regular,2,No
2312,Aliqui UR-15,Urban,Regular,2,No
2313,Aliqui UR-16,Urban,Regular,2,Yes
2314,Aliqui UR-17,Urban,Regular,2,Yes
2315,Aliqui UR-18,Urban,Regular,2,No
2316,Aliqui UR-19,Urban,Regular,2,No
2317,Aliqui UR-20,Urban,Regular,2,Yes
2318,Aliqui UR-21,Urban,Regular,2,Yes
2319,Aliqui UR-22,Urban,Regular,2,Yes
232,Fama UR-04,Urban,Regular,5,Yes
2320,Aliqui UR-23,Urban,Regular,2,Yes
2321,Aliqui UR-24,Urban,Regular,2,Yes
2322,Aliqui UR-25,Urban,Regular,2,No
2323,Aliqui UR-26,Urban,Regular,2,Yes
2324,Aliqui UR-27,Urban,Regular,2,Yes
2325,Aliqui UR-28,Urban,Regular,2,No
2326,Aliqui UR-29,Urban,Regular,2,No
233,Fama UR-05,Urban,Regular,5,Yes
234,Fama UR-06,Urban,Regular,5,Yes
235,Fama UR-07,Urban,Regular,5,Yes
236,Fama UR-08,Urban,Regular,5,Yes
237,Fama UR-09,Urban,Regular,5,Yes
238,Fama UR-10,Urban,Regular,5,Yes
239,Fama UR-11,Urban,Regular,5,Yes
240,Fama UR-12,Urban,Regular,5,Yes
241,Fama UR-13,Urban,Regular,5,Yes
242,Fama UR-14,Urban,Regular,5,No
243,Fama UR-15,Urban,Regular,5,No
244,Fama UR-16,Urban,Regular,5,No
245,Fama UR-17,Urban,Regular,5,Yes
246,Fama UR-18,Urban,Regular,5,Yes
247,Fama UR-19,Urban,Regular,5,Yes
248,Fama UR-20,Urban,Regular,5,Yes
249,Fama UR-21,Urban,Regular,5,Yes
250,Fama UR-22,Urban,Regular,5,Yes
251,Fama UR-23,Urban,Regular,5,Yes
252,Fama UR-24,Urban,Regular,5,Yes
253,Fama UR-25,Urban,Regular,5,Yes
254,Fama UR-26,Urban,Regular,5,Yes
255,Fama UR-27,Urban,Regular,5,Yes
256,Fama UR-28,Urban,Regular,5,Yes
257,Fama UR-29,Urban,Regular,5,Yes
258,Fama UR-30,Urban,Regular,5,Yes
259,Fama UR-31,Urban,Regular,5,Yes
260,Fama UR-32,Urban,Regular,5,Yes
261,Fama UR-33,Urban,Regular,5,Yes
262,Fama UR-34,Urban,Regular,5,Yes
263,Fama UR-35,Urban,Regular,5,Yes
264,Fama UR-36,Urban,Regular,5,Yes
265,Fama UR-37,Urban,Regular,5,Yes
266,Fama UR-38,Urban,Regular,5,Yes
267,Fama UR-39,Urban,Regular,5,Yes
268,Fama UR-40,Urban,Regular,5,Yes
269,Fama UR-41,Urban,Regular,5,Yes
270,Fama UR-42,Urban,Regular,5,Yes
271,Fama UR-43,Urban,Regular,5,Yes
272,Fama UR-44,Urban,Regular,5,Yes
273,Fama UR-45,Urban,Regular,5,Yes
274,Fama UR-46,Urban,Regular,5,Yes
275,Fama UR-47,Urban,Regular,5,Yes
276,Fama UR-48,Urban,Regular,5,Yes
277,Fama UR-49,Urban,Regular,5,Yes
278,Fama UR-50,Urban,Regular,5,Yes
279,Fama UR-51,Urban,Regular,5,Yes
512,Maximus UR-01,Urban,Regular,7,No
855,Natura UR-01,Urban,Regular,8,No
856,Natura UR-02,Urban,Regular,8,Yes
857,Natura UR-03,Urban,Regular,8,Yes
858,Natura UR-04,Urban,Regular,8,Yes
859,Natura UR-05,Urban,Regular,8,Yes
860,Natura UR-06,Urban,Regular,8,No
861,Natura UR-07,Urban,Regular,8,No
862,Natura UR-08,Urban,Regular,8,No
863,Natura UR-09,Urban,Regular,8,No
864,Natura UR-10,Urban,Regular,8,No
865,Natura UR-11,Urban,Regular,8,No
866,Natura UR-12,Urban,Regular,8,Yes
867,Natura UR-13,Urban,Regular,8,Yes
868,Natura UR-14,Urban,Regular,8,Yes
869,Natura UR-15,Urban,Regular,8,Yes
870,Natura UR-16,Urban,Regular,8,Yes
871,Natura UR-17,Urban,Regular,8,No
872,Natura UR-18,Urban,Regular,8,No
873,Natura UR-19,Urban,Regular,8,No
874,Natura UR-20,Urban,Regular,8,No
875,Natura UR-21,Urban,Regular,8,No
876,Natura UR-22,Urban,Regular,8,No
877,Natura UR-23,Urban,Regular,8,Yes
878,Natura UR-24,Urban,Regular,8,No
879,Natura UR-25,Urban,Regular,8,No
880,Natura UR-26,Urban,Regular,8,Yes
881,Natura UR-27,Urban,Regular,8,Yes
882,Natura UR-28,Urban,Regular,8,No
883,Natura UR-29,Urban,Regular,8,No
884,Natura UR-30,Urban,Regular,8,No
885,Natura UR-31,Urban,Regular,8,No
886,Natura UR-32,Urban,Regular,8,Yes
887,Natura UR-33,Urban,Regular,8,Yes
888,Natura UR-34,Urban,Regular,8,Yes
889,Natura UR-35,Urban,Regular,8,Yes
890,Natura UR-36,Urban,Regular,8,No
891,Natura UR-37,Urban,Regular,8,No
1,Abbas MA-01,Mix,All Season,1,No
10,Abbas MA-10,Mix,All Season,1,No
1043,Pirum MA-01,Mix,All Season,10,No
1044,Pirum MA-02,Mix,All Season,10,No
1045,Pirum MA-03,Mix,All Season,10,No
1046,Pirum MA-04,Mix,All Season,10,No
1047,Pirum MA-05,Mix,All Season,10,No
1048,Pirum MA-06,Mix,All Season,10,No
1049,Pirum MA-07,Mix,All Season,10,No
1050,Pirum MA-08,Mix,All Season,10,No
1051,Pirum MA-09,Mix,All Season,10,No
1052,Pirum MA-10,Mix,All Season,10,No
1053,Pirum MA-11,Mix,All Season,10,No
1054,Pirum MA-12,Mix,All Season,10,No
11,Abbas MA-11,Mix,All Season,1,No
12,Abbas MA-12,Mix,All Season,1,No
13,Abbas MA-13,Mix,All Season,1,No
14,Abbas MA-14,Mix,All Season,1,No
15,Abbas MA-15,Mix,All Season,1,No
16,Abbas MA-16,Mix,All Season,1,No
17,Abbas MA-17,Mix,All Season,1,No
1726,Pomum MA-01,Mix,All Season,11,No
1727,Pomum MA-02,Mix,All Season,11,No
1728,Pomum MA-03,Mix,All Season,11,No
1729,Pomum MA-04,Mix,All Season,11,No
1730,Pomum MA-05,Mix,All Season,11,No
1731,Pomum MA-06,Mix,All Season,11,No
18,Abbas MA-18,Mix,All Season,1,No
19,Abbas MA-19,Mix,All Season,1,No
1908,Currus MA-01,Mix,All Season,4,No
1909,Currus MA-02,Mix,All Season,4,No
1910,Currus MA-03,Mix,All Season,4,No
1911,Currus MA-04,Mix,All Season,4,No
1912,Currus MA-05,Mix,All Season,4,No
1913,Currus MA-06,Mix,All Season,4,No
1914,Currus MA-07,Mix,All Season,4,No
1915,Currus MA-08,Mix,All Season,4,No
1916,Currus MA-09,Mix,All Season,4,No
1917,Currus MA-10,Mix,All Season,4,No
1918,Currus MA-11,Mix,All Season,4,No
1919,Currus MA-12,Mix,All Season,4,No
1920,Currus MA-13,Mix,All Season,4,No
1921,Currus MA-14,Mix,All Season,4,No
1922,Currus MA-15,Mix,All Season,4,No
1923,Currus MA-16,Mix,All Season,4,No
1924,Currus MA-17,Mix,All Season,4,No
1925,Currus MA-18,Mix,All Season,4,No
2,Abbas MA-02,Mix,All Season,1,No
20,Abbas MA-20,Mix,All Season,1,No
21,Abbas MA-21,Mix,All Season,1,No
2102,Victoria MA-01,Mix,All Season,14,No
2103,Victoria MA-02,Mix,All Season,14,No
2104,Victoria MA-03,Mix,All Season,14,No
2105,Victoria MA-04,Mix,All Season,14,No
2106,Victoria MA-05,Mix,All Season,14,No
2107,Victoria MA-06,Mix,All Season,14,No
211,Fama MA-01,Mix,All Season,5,No
212,Fama MA-02,Mix,All Season,5,No
2187,Aliqui MA-01,Mix,All Season,2,No
2188,Aliqui MA-02,Mix,All Season,2,No
2189,Aliqui MA-03,Mix,All Season,2,No
2190,Aliqui MA-04,Mix,All Season,2,No
2191,Aliqui MA-05,Mix,All Season,2,No
2192,Aliqui MA-06,Mix,All Season,2,No
2193,Aliqui MA-07,Mix,All Season,2,No
2194,Aliqui MA-08,Mix,All Season,2,No
2195,Aliqui MA-09,Mix,All Season,2,No
2196,Aliqui MA-10,Mix,All Season,2,No
2197,Aliqui MA-11,Mix,All Season,2,No
2198,Aliqui MA-12,Mix,All Season,2,No
2199,Aliqui MA-13,Mix,All Season,2,No
22,Abbas MA-22,Mix,All Season,1,No
2200,Aliqui MA-14,Mix,All Season,2,No
2201,Aliqui MA-15,Mix,All Season,2,No
2202,Aliqui MA-16,Mix,All Season,2,No
2203,Aliqui MA-17,Mix,All Season,2,No
23,Abbas MA-23,Mix,All Season,1,No
24,Abbas MA-24,Mix,All Season,1,No
25,Abbas MA-25,Mix,All Season,1,No
26,Abbas MA-26,Mix,All Season,1,No
27,Abbas MA-27,Mix,All Season,1,No
28,Abbas MA-28,Mix,All Season,1,No
29,Abbas MA-29,Mix,All Season,1,No
3,Abbas MA-03,Mix,All Season,1,No
30,Abbas MA-30,Mix,All Season,1,No
31,Abbas MA-31,Mix,All Season,1,No
32,Abbas MA-32,Mix,All Season,1,No
33,Abbas MA-33,Mix,All Season,1,No
34,Abbas MA-34,Mix,All Season,1,No
35,Abbas MA-35,Mix,All Season,1,No
36,Abbas MA-36,Mix,All Season,1,No
37,Abbas MA-37,Mix,All Season,1,No
38,Abbas MA-38,Mix,All Season,1,No
39,Abbas MA-39,Mix,All Season,1,No
4,Abbas MA-04,Mix,All Season,1,No
40,Abbas MA-40,Mix,All Season,1,No
41,Abbas MA-41,Mix,All Season,1,No
42,Abbas MA-42,Mix,All Season,1,No
43,Abbas MA-43,Mix,All Season,1,No
44,Abbas MA-44,Mix,All Season,1,No
45,Abbas MA-45,Mix,All Season,1,No
5,Abbas MA-05,Mix,All Season,1,No
6,Abbas MA-06,Mix,All Season,1,No
694,Natura MA-01,Mix,All Season,8,No
695,Natura MA-02,Mix,All Season,8,No
696,Natura MA-03,Mix,All Season,8,No
697,Natura MA-04,Mix,All Season,8,No
698,Natura MA-05,Mix,All Season,8,No
699,Natura MA-06,Mix,All Season,8,No
7,Abbas MA-07,Mix,All Season,1,No
700,Natura MA-07,Mix,All Season,8,No
701,Natura MA-08,Mix,All Season,8,No
702,Natura MA-09,Mix,All Season,8,No
703,Natura MA-10,Mix,All Season,8,No
704,Natura MA-11,Mix,All Season,8,No
705,Natura MA-12,Mix,All Season,8,No
706,Natura MA-13,Mix,All Season,8,No
707,Natura MA-14,Mix,All Season,8,No
708,Natura MA-15,Mix,All Season,8,No
709,Natura MA-16,Mix,All Season,8,No
710,Natura MA-17,Mix,All Season,8,No
711,Natura MA-18,Mix,All Season,8,No
712,Natura MA-19,Mix,All Season,8,No
8,Abbas MA-08,Mix,All Season,1,No
9,Abbas MA-09,Mix,All Season,1,No
1113,Pirum RS-01,Rural,Select,10,No
1114,Pirum RS-02,Rural,Select,10,No
1115,Pirum RS-03,Rural,Select,10,No
1116,Pirum RS-04,Rural,Select,10,No
1117,Pirum RS-05,Rural,Select,10,No
1118,Pirum RS-06,Rural,Select,10,No
1119,Pirum RS-07,Rural,Select,10,No
1120,Pirum RS-08,Rural,Select,10,No
1121,Pirum RS-09,Rural,Select,10,No
1122,Pirum RS-10,Rural,Select,10,No
1123,Pirum RS-11,Rural,Select,10,No
1746,Pomum RS-01,Rural,Select,11,No
1747,Pomum RS-02,Rural,Select,11,No
1748,Pomum RS-03,Rural,Select,11,No
1982,Currus RS-01,Rural,Select,4,No
1983,Currus RS-02,Rural,Select,4,No
1984,Currus RS-03,Rural,Select,4,No
1985,Currus RS-04,Rural,Select,4,No
1986,Currus RS-05,Rural,Select,4,No
1987,Currus RS-06,Rural,Select,4,No
1988,Currus RS-07,Rural,Select,4,No
1989,Currus RS-08,Rural,Select,4,No
1990,Currus RS-09,Rural,Select,4,No
1991,Currus RS-10,Rural,Select,4,No
1992,Currus RS-11,Rural,Select,4,No
1993,Currus RS-12,Rural,Select,4,No
2268,Aliqui RS-01,Rural,Select,2,No
2269,Aliqui RS-02,Rural,Select,2,No
2270,Aliqui RS-03,Rural,Select,2,No
2271,Aliqui RS-04,Rural,Select,2,No
2272,Aliqui RS-05,Rural,Select,2,No
2273,Aliqui RS-06,Rural,Select,2,No
2274,Aliqui RS-07,Rural,Select,2,No
2275,Aliqui RS-08,Rural,Select,2,No
2276,Aliqui RS-09,Rural,Select,2,No
2277,Aliqui RS-10,Rural,Select,2,No
2278,Aliqui RS-11,Rural,Select,2,No
2279,Aliqui RS-12,Rural,Select,2,No
2280,Aliqui RS-13,Rural,Select,2,No
2281,Aliqui RS-14,Rural,Select,2,No
2282,Aliqui RS-15,Rural,Select,2,No
2283,Aliqui RS-16,Rural,Select,2,No
2284,Aliqui RS-17,Rural,Select,2,No
2285,Aliqui RS-18,Rural,Select,2,No
394,Maximus RS-01,Rural,Select,7,No
395,Maximus RS-02,Rural,Select,7,No
68,Abbas RS-01,Rural,Select,1,No
69,Abbas RS-02,Rural,Select,1,No
70,Abbas RS-03,Rural,Select,1,No
71,Abbas RS-04,Rural,Select,1,No
72,Abbas RS-05,Rural,Select,1,No
73,Abbas RS-06,Rural,Select,1,No
797,Natura RS-01,Rural,Select,8,No
798,Natura RS-02,Rural,Select,8,No
799,Natura RS-03,Rural,Select,8,No
800,Natura RS-04,Rural,Select,8,No
801,Natura RS-05,Rural,Select,8,No
802,Natura RS-06,Rural,Select,8,No
803,Natura RS-07,Rural,Select,8,No
804,Natura RS-08,Rural,Select,8,No
805,Natura RS-09,Rural,Select,8,No
806,Natura RS-10,Rural,Select,8,No
807,Natura RS-11,Rural,Select,8,No
808,Natura RS-12,Rural,Select,8,No
809,Natura RS-13,Rural,Select,8,No
810,Natura RS-14,Rural,Select,8,No
811,Natura RS-15,Rural,Select,8,No
812,Natura RS-16,Rural,Select,8,No
813,Natura RS-17,Rural,Select,8,No
814,Natura RS-18,Rural,Select,8,No
815,Natura RS-19,Rural,Select,8,No
816,Natura RS-20,Rural,Select,8,No
1000,Natura YY-01,Youth,Youth,8,No
1001,Natura YY-02,Youth,Youth,8,No
1002,Natura YY-03,Youth,Youth,8,No
1003,Natura YY-04,Youth,Youth,8,No
1004,Natura YY-05,Youth,Youth,8,No
1005,Natura YY-06,Youth,Youth,8,No
1006,Natura YY-07,Youth,Youth,8,No
1007,Natura YY-08,Youth,Youth,8,No
1008,Natura YY-09,Youth,Youth,8,No
1009,Natura YY-10,Youth,Youth,8,No
1010,Natura YY-11,Youth,Youth,8,No
1011,Natura YY-12,Youth,Youth,8,No
1012,Natura YY-13,Youth,Youth,8,No
1013,Natura YY-14,Youth,Youth,8,No
1014,Natura YY-15,Youth,Youth,8,No
1015,Natura YY-16,Youth,Youth,8,No
1016,Natura YY-17,Youth,Youth,8,No
1017,Natura YY-18,Youth,Youth,8,No
1018,Natura YY-19,Youth,Youth,8,No
1019,Natura YY-20,Youth,Youth,8,No
1020,Natura YY-21,Youth,Youth,8,No
1021,Natura YY-22,Youth,Youth,8,No
1022,Natura YY-23,Youth,Youth,8,No
1023,Natura YY-24,Youth,Youth,8,No
1024,Natura YY-25,Youth,Youth,8,No
1025,Natura YY-26,Youth,Youth,8,No
1026,Natura YY-27,Youth,Youth,8,No
1690,Salvus YY-01,Youth,Youth,13,No
1691,Salvus YY-02,Youth,Youth,13,No
1692,Salvus YY-03,Youth,Youth,13,No
1693,Salvus YY-04,Youth,Youth,13,No
1694,Salvus YY-05,Youth,Youth,13,No
1695,Salvus YY-06,Youth,Youth,13,No
1696,Salvus YY-07,Youth,Youth,13,No
1697,Salvus YY-08,Youth,Youth,13,No
1698,Salvus YY-09,Youth,Youth,13,No
1699,Salvus YY-10,Youth,Youth,13,No
1700,Salvus YY-11,Youth,Youth,13,No
1701,Salvus YY-12,Youth,Youth,13,No
1702,Salvus YY-13,Youth,Youth,13,No
1703,Salvus YY-14,Youth,Youth,13,No
1704,Salvus YY-15,Youth,Youth,13,Yes
1705,Salvus YY-16,Youth,Youth,13,No
1706,Salvus YY-17,Youth,Youth,13,No
1707,Salvus YY-18,Youth,Youth,13,No
1708,Salvus YY-19,Youth,Youth,13,No
1709,Salvus YY-20,Youth,Youth,13,No
1710,Salvus YY-21,Youth,Youth,13,No
1711,Salvus YY-22,Youth,Youth,13,No
1712,Salvus YY-23,Youth,Youth,13,No
1713,Salvus YY-24,Youth,Youth,13,No
1714,Salvus YY-25,Youth,Youth,13,No
1715,Salvus YY-26,Youth,Youth,13,No
1716,Salvus YY-27,Youth,Youth,13,No
1717,Salvus YY-28,Youth,Youth,13,No
1718,Salvus YY-29,Youth,Youth,13,No
1719,Salvus YY-30,Youth,Youth,13,No
1720,Salvus YY-31,Youth,Youth,13,No
1721,Salvus YY-32,Youth,Youth,13,No
1722,Salvus YY-33,Youth,Youth,13,No
1723,Salvus YY-34,Youth,Youth,13,No
1724,Salvus YY-35,Youth,Youth,13,No
1725,Salvus YY-36,Youth,Youth,13,No
1806,Pomum YY-01,Youth,Youth,11,No
1807,Pomum YY-02,Youth,Youth,11,No
1808,Pomum YY-03,Youth,Youth,11,No
1809,Pomum YY-04,Youth,Youth,11,No
1810,Pomum YY-05,Youth,Youth,11,No
1811,Pomum YY-06,Youth,Youth,11,No
1812,Pomum YY-07,Youth,Youth,11,No
1813,Pomum YY-08,Youth,Youth,11,No
1814,Pomum YY-09,Youth,Youth,11,No
1815,Pomum YY-10,Youth,Youth,11,No
1816,Pomum YY-11,Youth,Youth,11,No
1817,Pomum YY-12,Youth,Youth,11,No
1818,Pomum YY-13,Youth,Youth,11,No
1819,Pomum YY-14,Youth,Youth,11,No
1820,Pomum YY-15,Youth,Youth,11,No
1821,Pomum YY-16,Youth,Youth,11,No
1822,Pomum YY-17,Youth,Youth,11,No
1823,Pomum YY-18,Youth,Youth,11,No
1824,Pomum YY-19,Youth,Youth,11,No
1825,Pomum YY-20,Youth,Youth,11,No
1826,Pomum YY-21,Youth,Youth,11,No
1827,Pomum YY-22,Youth,Youth,11,No
1828,Pomum YY-23,Youth,Youth,11,No
1829,Pomum YY-24,Youth,Youth,11,No
1830,Pomum YY-25,Youth,Youth,11,No
1831,Pomum YY-26,Youth,Youth,11,No
1832,Pomum YY-27,Youth,Youth,11,No
1833,Pomum YY-28,Youth,Youth,11,No
1834,Pomum YY-29,Youth,Youth,11,No
1835,Pomum YY-30,Youth,Youth,11,No
1836,Pomum YY-31,Youth,Youth,11,No
1837,Pomum YY-32,Youth,Youth,11,No
1838,Pomum YY-33,Youth,Youth,11,No
1839,Pomum YY-34,Youth,Youth,11,No
1840,Pomum YY-35,Youth,Youth,11,No
1841,Pomum YY-36,Youth,Youth,11,No
1842,Pomum YY-37,Youth,Youth,11,No
1843,Pomum YY-38,Youth,Youth,11,No
1844,Pomum YY-39,Youth,Youth,11,No
1845,Pomum YY-40,Youth,Youth,11,No
1846,Pomum YY-41,Youth,Youth,11,No
1847,Pomum YY-42,Youth,Youth,11,No
1848,Pomum YY-43,Youth,Youth,11,No
1849,Pomum YY-44,Youth,Youth,11,No
1850,Pomum YY-45,Youth,Youth,11,No
1851,Pomum YY-46,Youth,Youth,11,No
1852,Pomum YY-47,Youth,Youth,11,No
1853,Pomum YY-48,Youth,Youth,11,No
1854,Pomum YY-49,Youth,Youth,11,No
1855,Pomum YY-50,Youth,Youth,11,No
1856,Pomum YY-51,Youth,Youth,11,No
1857,Pomum YY-52,Youth,Youth,11,No
1858,Pomum YY-53,Youth,Youth,11,No
1859,Pomum YY-54,Youth,Youth,11,No
1860,Pomum YY-55,Youth,Youth,11,No
1861,Pomum YY-56,Youth,Youth,11,No
1862,Pomum YY-57,Youth,Youth,11,No
197,Abbas YY-01,Youth,Youth,1,Yes
198,Abbas YY-02,Youth,Youth,1,Yes
2097,Currus YY-01,Youth,Youth,4,No
2098,Currus YY-02,Youth,Youth,4,No
2099,Currus YY-03,Youth,Youth,4,Yes
2100,Currus YY-04,Youth,Youth,4,Yes
2101,Currus YY-05,Youth,Youth,4,No
2392,Aliqui YY-01,Youth,Youth,2,No
2393,Aliqui YY-02,Youth,Youth,2,No
2394,Aliqui YY-03,Youth,Youth,2,No
2395,Aliqui YY-04,Youth,Youth,2,No
2396,Aliqui YY-05,Youth,Youth,2,No
2397,Aliqui YY-06,Youth,Youth,2,No
2398,Aliqui YY-07,Youth,Youth,2,No
2399,Aliqui YY-08,Youth,Youth,2,No
2400,Aliqui YY-09,Youth,Youth,2,No
2401,Aliqui YY-10,Youth,Youth,2,No
2402,Aliqui YY-11,Youth,Youth,2,No
2403,Aliqui YY-12,Youth,Youth,2,No
2404,Aliqui YY-13,Youth,Youth,2,No
2405,Aliqui YY-14,Youth,Youth,2,No
2406,Aliqui YY-15,Youth,Youth,2,No
2407,Aliqui YY-16,Youth,Youth,2,No
2408,Aliqui YY-17,Youth,Youth,2,No
2409,Aliqui YY-18,Youth,Youth,2,No
2410,Aliqui YY-19,Youth,Youth,2,No
2411,Aliqui YY-20,Youth,Youth,2,No
2412,Aliqui YY-21,Youth,Youth,2,No
1563,Quibus RS-01,Rural,Select,12,No
1564,Quibus RS-02,Rural,Select,12,No
1565,Quibus RS-03,Rural,Select,12,No
1566,Quibus RS-04,Rural,Select,12,No
1567,Quibus RS-05,Rural,Select,12,No
1568,Quibus RS-06,Rural,Select,12,No
1569,Quibus RS-07,Rural,Select,12,No
1570,Quibus RS-08,Rural,Select,12,No
1571,Quibus RS-09,Rural,Select,12,No
1572,Quibus RS-10,Rural,Select,12,No
1573,Quibus RS-11,Rural,Select,12,No
1574,Quibus RS-12,Rural,Select,12,No
1575,Quibus RS-13,Rural,Select,12,No
1576,Quibus RS-14,Rural,Select,12,No
1577,Quibus RS-15,Rural,Select,12,No
1578,Quibus RS-16,Rural,Select,12,No
1579,Quibus RS-17,Rural,Select,12,No
1580,Quibus RS-18,Rural,Select,12,No
1581,Quibus RS-19,Rural,Select,12,No
1582,Quibus RS-20,Rural,Select,12,No
1583,Quibus RS-21,Rural,Select,12,No
1584,Quibus RS-22,Rural,Select,12,No
1585,Quibus RS-23,Rural,Select,12,No
1586,Quibus RS-24,Rural,Select,12,No
1587,Quibus RS-25,Rural,Select,12,No
1588,Quibus RS-26,Rural,Select,12,No
1589,Quibus RS-27,Rural,Select,12,No
1590,Quibus RS-28,Rural,Select,12,No
1591,Quibus RS-29,Rural,Select,12,No
1592,Quibus RS-30,Rural,Select,12,No
1593,Quibus RS-31,Rural,Select,12,No
1594,Quibus RS-32,Rural,Select,12,No
1595,Quibus RS-33,Rural,Select,12,No
1596,Quibus RS-34,Rural,Select,12,No
1597,Quibus RS-35,Rural,Select,12,No
1598,Quibus RS-36,Rural,Select,12,No
1599,Quibus RS-37,Rural,Select,12,No
1600,Quibus RS-38,Rural,Select,12,No
1601,Quibus RS-39,Rural,Select,12,No
1602,Quibus RS-40,Rural,Select,12,No
1603,Quibus RS-41,Rural,Select,12,No
1604,Quibus RS-42,Rural,Select,12,No
1605,Quibus RS-43,Rural,Select,12,No
1606,Quibus RS-44,Rural,Select,12,No
1607,Quibus RS-45,Rural,Select,12,No
1608,Quibus RS-46,Rural,Select,12,No
1609,Quibus RS-47,Rural,Select,12,No
1610,Quibus RS-48,Rural,Select,12,No
1611,Quibus RS-49,Rural,Select,12,No
1612,Quibus RS-50,Rural,Select,12,No
1613,Quibus RS-51,Rural,Select,12,No
1614,Quibus RS-52,Rural,Select,12,No
1615,Quibus RS-53,Rural,Select,12,No
1616,Quibus RS-54,Rural,Select,12,No
1617,Quibus RS-55,Rural,Select,12,No
1618,Quibus RS-56,Rural,Select,12,No
1619,Quibus RS-57,Rural,Select,12,No
1620,Quibus RS-58,Rural,Select,12,No
1621,Quibus RS-59,Rural,Select,12,No
1622,Quibus RS-60,Rural,Select,12,No
1623,Quibus RS-61,Rural,Select,12,No
1624,Quibus RS-62,Rural,Select,12,No
1625,Quibus RS-63,Rural,Select,12,No
1626,Quibus RS-64,Rural,Select,12,No
1627,Quibus RS-65,Rural,Select,12,No
1628,Quibus RS-66,Rural,Select,12,No
1629,Quibus RS-67,Rural,Select,12,No
1630,Quibus RS-68,Rural,Select,12,No
1631,Quibus RS-69,Rural,Select,12,No
1632,Quibus RS-70,Rural,Select,12,No
1633,Quibus RS-71,Rural,Select,12,No
1634,Quibus RS-72,Rural,Select,12,No
1635,Quibus RS-73,Rural,Select,12,No
1636,Quibus RS-74,Rural,Select,12,No
1637,Quibus RS-75,Rural,Select,12,No
1638,Quibus RS-76,Rural,Select,12,No
1639,Quibus RS-77,Rural,Select,12,No
1640,Quibus RS-78,Rural,Select,12,No
1641,Quibus RS-79,Rural,Select,12,No
1642,Quibus RS-80,Rural,Select,12,No
1643,Quibus RS-81,Rural,Select,12,No
1644,Quibus RS-82,Rural,Select,12,No
1645,Quibus RS-83,Rural,Select,12,No
1646,Quibus RS-84,Rural,Select,12,No
1647,Quibus RS-85,Rural,Select,12,No
1648,Quibus RS-86,Rural,Select,12,No
1649,Quibus RS-87,Rural,Select,12,No
1650,Quibus RS-88,Rural,Select,12,No
1651,Quibus RS-89,Rural,Select,12,No
1652,Quibus RS-90,Rural,Select,12,No
1653,Quibus RS-91,Rural,Select,12,No
1654,Quibus RS-92,Rural,Select,12,No
1655,Quibus RS-93,Rural,Select,12,No
1656,Quibus RS-94,Rural,Select,12,No
1657,Quibus RS-95,Rural,Select,12,No
1658,Quibus RS-96,Rural,Select,12,No
1659,Quibus RS-97,Rural,Select,12,No
1660,Quibus RS-98,Rural,Select,12,No
1661,Quibus RS-99,Rural,Select,12,No
1662,Quibus RS-00,Rural,Select,12,No
1663,Quibus RS-01,Rural,Select,12,No
1664,Quibus RS-02,Rural,Select,12,No
1665,Quibus RS-03,Rural,Select,12,No
1666,Quibus RS-04,Rural,Select,12,No
1667,Quibus RS-05,Rural,Select,12,No
1265,Quibus MA-01,Mix,All Season,12,No
1266,Quibus MA-02,Mix,All Season,12,No
1267,Quibus MA-03,Mix,All Season,12,No
1268,Quibus MA-04,Mix,All Season,12,No
1269,Quibus MA-05,Mix,All Season,12,No
1270,Quibus MA-06,Mix,All Season,12,No
1271,Quibus MA-07,Mix,All Season,12,No
1272,Quibus MA-08,Mix,All Season,12,No
1273,Quibus MA-09,Mix,All Season,12,No
1274,Quibus MA-10,Mix,All Season,12,No
1275,Quibus MA-11,Mix,All Season,12,No
1276,Quibus MA-12,Mix,All Season,12,No
1277,Quibus MA-13,Mix,All Season,12,No
1278,Quibus MA-14,Mix,All Season,12,No
1279,Quibus MA-15,Mix,All Season,12,No
1280,Quibus MA-16,Mix,All Season,12,No
1281,Quibus MA-17,Mix,All Season,12,No
1282,Quibus MA-18,Mix,All Season,12,No
1283,Quibus MA-19,Mix,All Season,12,No
1284,Quibus MA-20,Mix,All Season,12,No
1285,Quibus MA-21,Mix,All Season,12,No
1286,Quibus MA-22,Mix,All Season,12,No
1287,Quibus MA-23,Mix,All Season,12,No
1288,Quibus MA-24,Mix,All Season,12,No
1289,Quibus MA-25,Mix,All Season,12,No
1290,Quibus MA-26,Mix,All Season,12,No
1291,Quibus MA-27,Mix,All Season,12,No
1292,Quibus MA-28,Mix,All Season,12,No
1293,Quibus MA-29,Mix,All Season,12,No
1294,Quibus MA-30,Mix,All Season,12,No
1295,Quibus MA-31,Mix,All Season,12,No
1296,Quibus MA-32,Mix,All Season,12,No
1297,Quibus MA-33,Mix,All Season,12,No
1298,Quibus MA-34,Mix,All Season,12,No
1299,Quibus MA-35,Mix,All Season,12,No
1300,Quibus MA-36,Mix,All Season,12,No
1301,Quibus MA-37,Mix,All Season,12,No
1302,Quibus MA-38,Mix,All Season,12,No
1303,Quibus MA-39,Mix,All Season,12,No
1304,Quibus MA-40,Mix,All Season,12,No
1305,Quibus MA-41,Mix,All Season,12,No
1306,Quibus MA-42,Mix,All Season,12,No
1307,Quibus MA-43,Mix,All Season,12,No
1308,Quibus MA-44,Mix,All Season,12,No
713,Natura RP-01,Rural,Productivity,8,No
714,Natura RP-02,Rural,Productivity,8,No
715,Natura RP-03,Rural,Productivity,8,No
716,Natura RP-04,Rural,Productivity,8,No
717,Natura RP-05,Rural,Productivity,8,No
718,Natura RP-06,Rural,Productivity,8,No
719,Natura RP-07,Rural,Productivity,8,No
720,Natura RP-08,Rural,Productivity,8,No
721,Natura RP-09,Rural,Productivity,8,No
722,Natura RP-10,Rural,Productivity,8,No
723,Natura RP-11,Rural,Productivity,8,No
724,Natura RP-12,Rural,Productivity,8,No
725,Natura RP-13,Rural,Productivity,8,No
726,Natura RP-14,Rural,Productivity,8,No
727,Natura RP-15,Rural,Productivity,8,No
728,Natura RP-16,Rural,Productivity,8,No
729,Natura RP-17,Rural,Productivity,8,No
730,Natura RP-18,Rural,Productivity,8,No
731,Natura RP-19,Rural,Productivity,8,No
732,Natura RP-20,Rural,Productivity,8,No
733,Natura RP-21,Rural,Productivity,8,No
734,Natura RP-22,Rural,Productivity,8,No
735,Natura RP-23,Rural,Productivity,8,No
736,Natura RP-24,Rural,Productivity,8,No
737,Natura RP-25,Rural,Productivity,8,No
738,Natura RP-26,Rural,Productivity,8,No
739,Natura RP-27,Rural,Productivity,8,No
740,Natura RP-28,Rural,Productivity,8,No
741,Natura RP-29,Rural,Productivity,8,No
742,Natura RP-30,Rural,Productivity,8,No
743,Natura RP-31,Rural,Productivity,8,No
744,Natura RP-32,Rural,Productivity,8,No
745,Natura RP-33,Rural,Productivity,8,No
746,Natura RP-34,Rural,Productivity,8,No
747,Natura RP-35,Rural,Productivity,8,No
748,Natura RP-36,Rural,Productivity,8,No
749,Natura RP-37,Rural,Productivity,8,No
750,Natura RP-38,Rural,Productivity,8,No
751,Natura RP-39,Rural,Productivity,8,No
752,Natura RP-40,Rural,Productivity,8,No
753,Natura RP-41,Rural,Productivity,8,No
754,Natura RP-42,Rural,Productivity,8,No
755,Natura RP-43,Rural,Productivity,8,No
756,Natura RP-44,Rural,Productivity,8,No
757,Natura RP-45,Rural,Productivity,8,No
758,Natura RP-46,Rural,Productivity,8,No
759,Natura RP-47,Rural,Productivity,8,No
760,Natura RP-48,Rural,Productivity,8,No
761,Natura RP-49,Rural,Productivity,8,No
762,Natura RP-50,Rural,Productivity,8,No
763,Natura RP-51,Rural,Productivity,8,No
764,Natura RP-52,Rural,Productivity,8,No
765,Natura RP-53,Rural,Productivity,8,No
766,Natura RP-54,Rural,Productivity,8,No
767,Natura RP-55,Rural,Productivity,8,No
768,Natura RP-56,Rural,Productivity,8,No
769,Natura RP-57,Rural,Productivity,8,No
770,Natura RP-58,Rural,Productivity,8,No
771,Natura RP-59,Rural,Productivity,8,No
772,Natura RP-60,Rural,Productivity,8,No
773,Natura RP-61,Rural,Productivity,8,No
774,Natura RP-62,Rural,Productivity,8,No
775,Natura RP-63,Rural,Productivity,8,No
776,Natura RP-64,Rural,Productivity,8,No
777,Natura RP-65,Rural,Productivity,8,No
778,Natura RP-66,Rural,Productivity,8,No
779,Natura RP-67,Rural,Productivity,8,No
780,Natura RP-68,Rural,Productivity,8,No
781,Natura RP-69,Rural,Productivity,8,No
782,Natura RP-70,Rural,Productivity,8,No
783,Natura RP-71,Rural,Productivity,8,No
784,Natura RP-72,Rural,Productivity,8,No
785,Natura RP-73,Rural,Productivity,8,No
786,Natura RP-74,Rural,Productivity,8,No
787,Natura RP-75,Rural,Productivity,8,No
788,Natura RP-76,Rural,Productivity,8,No
789,Natura RP-77,Rural,Productivity,8,No
790,Natura RP-78,Rural,Productivity,8,No
791,Natura RP-79,Rural,Productivity,8,No
792,Natura RP-80,Rural,Productivity,8,No
793,Natura RP-81,Rural,Productivity,8,No
794,Natura RP-82,Rural,Productivity,8,No
795,Natura RP-83,Rural,Productivity,8,No
796,Natura RP-84,Rural,Productivity,8,No
2204,Aliqui RP-01,Rural,Productivity,2,No
2205,Aliqui RP-02,Rural,Productivity,2,No
2206,Aliqui RP-03,Rural,Productivity,2,No
2207,Aliqui RP-04,Rural,Productivity,2,No
2208,Aliqui RP-05,Rural,Productivity,2,No
2209,Aliqui RP-06,Rural,Productivity,2,No
2210,Aliqui RP-07,Rural,Productivity,2,No
2211,Aliqui RP-08,Rural,Productivity,2,No
2212,Aliqui RP-09,Rural,Productivity,2,No
2213,Aliqui RP-10,Rural,Productivity,2,No
2214,Aliqui RP-11,Rural,Productivity,2,No
2215,Aliqui RP-12,Rural,Productivity,2,No
2216,Aliqui RP-13,Rural,Productivity,2,No
2217,Aliqui RP-14,Rural,Productivity,2,No
2218,Aliqui RP-15,Rural,Productivity,2,No
2219,Aliqui RP-16,Rural,Productivity,2,No
2220,Aliqui RP-17,Rural,Productivity,2,No
2221,Aliqui RP-18,Rural,Productivity,2,No
2222,Aliqui RP-19,Rural,Productivity,2,No
2223,Aliqui RP-20,Rural,Productivity,2,No
2224,Aliqui RP-21,Rural,Productivity,2,No
2225,Aliqui RP-22,Rural,Productivity,2,No
2226,Aliqui RP-23,Rural,Productivity,2,No
2227,Aliqui RP-24,Rural,Productivity,2,No
2228,Aliqui RP-25,Rural,Productivity,2,No
2229,Aliqui RP-26,Rural,Productivity,2,No
2230,Aliqui RP-27,Rural,Productivity,2,No
2231,Aliqui RP-28,Rural,Productivity,2,No
2232,Aliqui RP-29,Rural,Productivity,2,No
2233,Aliqui RP-30,Rural,Productivity,2,No
2234,Aliqui RP-31,Rural,Productivity,2,No
2235,Aliqui RP-32,Rural,Productivity,2,No
2236,Aliqui RP-33,Rural,Productivity,2,No
2237,Aliqui RP-34,Rural,Productivity,2,No
2238,Aliqui RP-35,Rural,Productivity,2,No
2239,Aliqui RP-36,Rural,Productivity,2,No
2240,Aliqui RP-37,Rural,Productivity,2,No
2241,Aliqui RP-38,Rural,Productivity,2,No
2242,Aliqui RP-39,Rural,Productivity,2,No
2243,Aliqui RP-40,Rural,Productivity,2,No
2244,Aliqui RP-41,Rural,Productivity,2,No
2245,Aliqui RP-42,Rural,Productivity,2,No
2246,Aliqui RP-43,Rural,Productivity,2,No
2247,Aliqui RP-44,Rural,Productivity,2,No
2248,Aliqui RP-45,Rural,Productivity,2,No
2249,Aliqui RP-46,Rural,Productivity,2,No
2250,Aliqui RP-47,Rural,Productivity,2,No
2251,Aliqui RP-48,Rural,Productivity,2,No
2252,Aliqui RP-49,Rural,Productivity,2,No
2253,Aliqui RP-50,Rural,Productivity,2,No
2254,Aliqui RP-51,Rural,Productivity,2,No
2255,Aliqui RP-52,Rural,Productivity,2,No
2256,Aliqui RP-53,Rural,Productivity,2,No
2257,Aliqui RP-54,Rural,Productivity,2,No
2258,Aliqui RP-55,Rural,Productivity,2,No
2259,Aliqui RP-56,Rural,Productivity,2,No
2260,Aliqui RP-57,Rural,Productivity,2,No
2261,Aliqui RP-58,Rural,Productivity,2,No
2262,Aliqui RP-59,Rural,Productivity,2,No
2263,Aliqui RP-60,Rural,Productivity,2,No
2264,Aliqui RP-61,Rural,Productivity,2,No
2265,Aliqui RP-62,Rural,Productivity,2,No
2266,Aliqui RP-63,Rural,Productivity,2,No
2267,Aliqui RP-64,Rural,Productivity,2,No
1055,Pirum RP-01,Rural,Productivity,10,No
1056,Pirum RP-02,Rural,Productivity,10,No
1057,Pirum RP-03,Rural,Productivity,10,No
1058,Pirum RP-04,Rural,Productivity,10,No
1059,Pirum RP-05,Rural,Productivity,10,No
1060,Pirum RP-06,Rural,Productivity,10,No
1061,Pirum RP-07,Rural,Productivity,10,No
1062,Pirum RP-08,Rural,Productivity,10,No
1063,Pirum RP-09,Rural,Productivity,10,No
1064,Pirum RP-10,Rural,Productivity,10,No
1065,Pirum RP-11,Rural,Productivity,10,No
1066,Pirum RP-12,Rural,Productivity,10,No
1067,Pirum RP-13,Rural,Productivity,10,No
1068,Pirum RP-14,Rural,Productivity,10,No
1069,Pirum RP-15,Rural,Productivity,10,No
1070,Pirum RP-16,Rural,Productivity,10,No
1071,Pirum RP-17,Rural,Productivity,10,No
1072,Pirum RP-18,Rural,Productivity,10,No
1073,Pirum RP-19,Rural,Productivity,10,No
1074,Pirum RP-20,Rural,Productivity,10,No
1075,Pirum RP-21,Rural,Productivity,10,No
1076,Pirum RP-22,Rural,Productivity,10,No
1077,Pirum RP-23,Rural,Productivity,10,No
1078,Pirum RP-24,Rural,Productivity,10,No
1079,Pirum RP-25,Rural,Productivity,10,No
1080,Pirum RP-26,Rural,Productivity,10,No
1081,Pirum RP-27,Rural,Productivity,10,No
1082,Pirum RP-28,Rural,Productivity,10,No
1083,Pirum RP-29,Rural,Productivity,10,No
1084,Pirum RP-30,Rural,Productivity,10,No
1085,Pirum RP-31,Rural,Productivity,10,No
1086,Pirum RP-32,Rural,Productivity,10,No
1087,Pirum RP-33,Rural,Productivity,10,No
1088,Pirum RP-34,Rural,Productivity,10,No
1089,Pirum RP-35,Rural,Productivity,10,No
1090,Pirum RP-36,Rural,Productivity,10,No
1091,Pirum RP-37,Rural,Productivity,10,No
1092,Pirum RP-38,Rural,Productivity,10,No
1093,Pirum RP-39,Rural,Productivity,10,No
1094,Pirum RP-40,Rural,Productivity,10,No
1095,Pirum RP-41,Rural,Productivity,10,No
1096,Pirum RP-42,Rural,Productivity,10,No
1097,Pirum RP-43,Rural,Productivity,10,No
1098,Pirum RP-44,Rural,Productivity,10,No
1099,Pirum RP-45,Rural,Productivity,10,No
1100,Pirum RP-46,Rural,Productivity,10,No
1101,Pirum RP-47,Rural,Productivity,10,No
1102,Pirum RP-48,Rural,Productivity,10,No
1103,Pirum RP-49,Rural,Productivity,10,No
1104,Pirum RP-50,Rural,Productivity,10,No
1105,Pirum RP-51,Rural,Productivity,10,No
1106,Pirum RP-52,Rural,Productivity,10,No
1107,Pirum RP-53,Rural,Productivity,10,No
1108,Pirum RP-54,Rural,Productivity,10,No
1109,Pirum RP-55,Rural,Productivity,10,No
1110,Pirum RP-56,Rural,Productivity,10,No
1111,Pirum RP-57,Rural,Productivity,10,No
1112,Pirum RP-58,Rural,Productivity,10,No
1732,Pomum RP-01,Rural,Productivity,11,No
1733,Pomum RP-02,Rural,Productivity,11,No
1734,Pomum RP-03,Rural,Productivity,11,No
1735,Pomum RP-04,Rural,Productivity,11,No
1736,Pomum RP-05,Rural,Productivity,11,No
1737,Pomum RP-06,Rural,Productivity,11,No
1738,Pomum RP-07,Rural,Productivity,11,No
1739,Pomum RP-08,Rural,Productivity,11,No
1740,Pomum RP-09,Rural,Productivity,11,No
1741,Pomum RP-10,Rural,Productivity,11,No
1742,Pomum RP-11,Rural,Productivity,11,No
1743,Pomum RP-12,Rural,Productivity,11,No
1744,Pomum RP-13,Rural,Productivity,11,No
1745,Pomum RP-14,Rural,Productivity,11,No
1926,Currus RP-01,Rural,Productivity,4,No
1927,Currus RP-02,Rural,Productivity,4,No
1928,Currus RP-03,Rural,Productivity,4,No
1929,Currus RP-04,Rural,Productivity,4,No
1930,Currus RP-05,Rural,Productivity,4,No
1931,Currus RP-06,Rural,Productivity,4,No
1932,Currus RP-07,Rural,Productivity,4,No
1933,Currus RP-08,Rural,Productivity,4,No
1934,Currus RP-09,Rural,Productivity,4,No
1935,Currus RP-10,Rural,Productivity,4,No
1936,Currus RP-11,Rural,Productivity,4,No
1937,Currus RP-12,Rural,Productivity,4,No
1938,Currus RP-13,Rural,Productivity,4,No
1939,Currus RP-14,Rural,Productivity,4,No
1940,Currus RP-15,Rural,Productivity,4,No
1941,Currus RP-16,Rural,Productivity,4,No
1942,Currus RP-17,Rural,Productivity,4,No
1943,Currus RP-18,Rural,Productivity,4,No
1944,Currus RP-19,Rural,Productivity,4,No
1945,Currus RP-20,Rural,Productivity,4,No
1946,Currus RP-21,Rural,Productivity,4,No
1947,Currus RP-22,Rural,Productivity,4,No
1948,Currus RP-23,Rural,Productivity,4,No
1949,Currus RP-24,Rural,Productivity,4,No
1950,Currus RP-25,Rural,Productivity,4,No
1951,Currus RP-26,Rural,Productivity,4,No
1952,Currus RP-27,Rural,Productivity,4,No
1953,Currus RP-28,Rural,Productivity,4,No
1954,Currus RP-29,Rural,Productivity,4,No
1955,Currus RP-30,Rural,Productivity,4,No
1956,Currus RP-31,Rural,Productivity,4,No
1957,Currus RP-32,Rural,Productivity,4,No
1958,Currus RP-33,Rural,Productivity,4,No
1959,Currus RP-34,Rural,Productivity,4,No
1960,Currus RP-35,Rural,Productivity,4,No
1961,Currus RP-36,Rural,Productivity,4,No
1962,Currus RP-37,Rural,Productivity,4,No
1963,Currus RP-38,Rural,Productivity,4,No
1964,Currus RP-39,Rural,Productivity,4,No
1965,Currus RP-40,Rural,Productivity,4,No
1966,Currus RP-41,Rural,Productivity,4,No
1967,Currus RP-42,Rural,Productivity,4,No
1968,Currus RP-43,Rural,Productivity,4,No
1969,Currus RP-44,Rural,Productivity,4,No
1970,Currus RP-45,Rural,Productivity,4,No
1971,Currus RP-46,Rural,Productivity,4,No
1972,Currus RP-47,Rural,Productivity,4,No
1973,Currus RP-48,Rural,Productivity,4,No
1974,Currus RP-49,Rural,Productivity,4,No
1975,Currus RP-50,Rural,Productivity,4,No
1976,Currus RP-51,Rural,Productivity,4,No
1977,Currus RP-52,Rural,Productivity,4,No
1978,Currus RP-53,Rural,Productivity,4,No
1979,Currus RP-54,Rural,Productivity,4,No
1980,Currus RP-55,Rural,Productivity,4,No
1981,Currus RP-56,Rural,Productivity,4,No
2108,Victoria RP-01,Rural,Productivity,14,No
2109,Victoria RP-02,Rural,Productivity,14,No
213,Fama RP-01,Rural,Productivity,5,No
214,Fama RP-02,Rural,Productivity,5,No
215,Fama RP-03,Rural,Productivity,5,No
216,Fama RP-04,Rural,Productivity,5,No
217,Fama RP-05,Rural,Productivity,5,No
218,Fama RP-06,Rural,Productivity,5,No
219,Fama RP-07,Rural,Productivity,5,No
220,Fama RP-08,Rural,Productivity,5,No
221,Fama RP-09,Rural,Productivity,5,No
222,Fama RP-10,Rural,Productivity,5,No
392,Maximus RP-01,Rural,Productivity,7,No
393,Maximus RP-02,Rural,Productivity,7,No
46,Abbas RP-01,Rural,Productivity,1,No
47,Abbas RP-02,Rural,Productivity,1,No
48,Abbas RP-03,Rural,Productivity,1,No
49,Abbas RP-04,Rural,Productivity,1,No
50,Abbas RP-05,Rural,Productivity,1,No
51,Abbas RP-06,Rural,Productivity,1,No
52,Abbas RP-07,Rural,Productivity,1,No
53,Abbas RP-08,Rural,Productivity,1,No
54,Abbas RP-09,Rural,Productivity,1,No
55,Abbas RP-10,Rural,Productivity,1,No
56,Abbas RP-11,Rural,Productivity,1,No
57,Abbas RP-12,Rural,Productivity,1,No
58,Abbas RP-13,Rural,Productivity,1,No
59,Abbas RP-14,Rural,Productivity,1,No
60,Abbas RP-15,Rural,Productivity,1,No
61,Abbas RP-16,Rural,Productivity,1,No
62,Abbas RP-17,Rural,Productivity,1,No
63,Abbas RP-18,Rural,Productivity,1,No
64,Abbas RP-19,Rural,Productivity,1,No
65,Abbas RP-20,Rural,Productivity,1,No
66,Abbas RP-21,Rural,Productivity,1,No
67,Abbas RP-22,Rural,Productivity,1,No
1309,Quibus RP-01,Rural,Productivity,12,No
1310,Quibus RP-02,Rural,Productivity,12,No
1311,Quibus RP-03,Rural,Productivity,12,No
1312,Quibus RP-04,Rural,Productivity,12,No
1313,Quibus RP-05,Rural,Productivity,12,No
1314,Quibus RP-06,Rural,Productivity,12,No
1315,Quibus RP-07,Rural,Productivity,12,No
1316,Quibus RP-08,Rural,Productivity,12,No
1317,Quibus RP-09,Rural,Productivity,12,No
1318,Quibus RP-10,Rural,Productivity,12,No
1319,Quibus RP-11,Rural,Productivity,12,No
1320,Quibus RP-12,Rural,Productivity,12,No
1321,Quibus RP-13,Rural,Productivity,12,No
1322,Quibus RP-14,Rural,Productivity,12,No
1323,Quibus RP-15,Rural,Productivity,12,No
1324,Quibus RP-16,Rural,Productivity,12,No
1325,Quibus RP-17,Rural,Productivity,12,No
1326,Quibus RP-18,Rural,Productivity,12,No
1327,Quibus RP-19,Rural,Productivity,12,No
1328,Quibus RP-20,Rural,Productivity,12,No
1329,Quibus RP-21,Rural,Productivity,12,No
1330,Quibus RP-22,Rural,Productivity,12,No
1331,Quibus RP-23,Rural,Productivity,12,No
1332,Quibus RP-24,Rural,Productivity,12,No
1333,Quibus RP-25,Rural,Productivity,12,No
1334,Quibus RP-26,Rural,Productivity,12,No
1335,Quibus RP-27,Rural,Productivity,12,No
1336,Quibus RP-28,Rural,Productivity,12,No
1337,Quibus RP-29,Rural,Productivity,12,No
1338,Quibus RP-30,Rural,Productivity,12,No
1339,Quibus RP-31,Rural,Productivity,12,No
1340,Quibus RP-32,Rural,Productivity,12,No
1341,Quibus RP-33,Rural,Productivity,12,No
1342,Quibus RP-34,Rural,Productivity,12,No
1343,Quibus RP-35,Rural,Productivity,12,No
1344,Quibus RP-36,Rural,Productivity,12,No
1345,Quibus RP-37,Rural,Productivity,12,No
1346,Quibus RP-38,Rural,Productivity,12,No
1347,Quibus RP-39,Rural,Productivity,12,No
1348,Quibus RP-40,Rural,Productivity,12,No
1349,Quibus RP-41,Rural,Productivity,12,No
1350,Quibus RP-42,Rural,Productivity,12,No
1351,Quibus RP-43,Rural,Productivity,12,No
1352,Quibus RP-44,Rural,Productivity,12,No
1353,Quibus RP-45,Rural,Productivity,12,No
1354,Quibus RP-46,Rural,Productivity,12,No
1355,Quibus RP-47,Rural,Productivity,12,No
1356,Quibus RP-48,Rural,Productivity,12,No
1357,Quibus RP-49,Rural,Productivity,12,No
1358,Quibus RP-50,Rural,Productivity,12,No
1359,Quibus RP-51,Rural,Productivity,12,No
1360,Quibus RP-52,Rural,Productivity,12,No
1361,Quibus RP-53,Rural,Productivity,12,No
1362,Quibus RP-54,Rural,Productivity,12,No
1363,Quibus RP-55,Rural,Productivity,12,No
1364,Quibus RP-56,Rural,Productivity,12,No
1365,Quibus RP-57,Rural,Productivity,12,No
1366,Quibus RP-58,Rural,Productivity,12,No
1367,Quibus RP-59,Rural,Productivity,12,No
1368,Quibus RP-60,Rural,Productivity,12,No
1369,Quibus RP-61,Rural,Productivity,12,No
1370,Quibus RP-62,Rural,Productivity,12,No
1371,Quibus RP-63,Rural,Productivity,12,No
1372,Quibus RP-64,Rural,Productivity,12,No
1373,Quibus RP-65,Rural,Productivity,12,No
1374,Quibus RP-66,Rural,Productivity,12,No
1375,Quibus RP-67,Rural,Productivity,12,No
1376,Quibus RP-68,Rural,Productivity,12,No
1377,Quibus RP-69,Rural,Productivity,12,No
1378,Quibus RP-70,Rural,Productivity,12,No
1379,Quibus RP-71,Rural,Productivity,12,No
1380,Quibus RP-72,Rural,Productivity,12,No
1381,Quibus RP-73,Rural,Productivity,12,No
1382,Quibus RP-74,Rural,Productivity,12,No
1383,Quibus RP-75,Rural,Productivity,12,No
1384,Quibus RP-76,Rural,Productivity,12,No
1385,Quibus RP-77,Rural,Productivity,12,No
1386,Quibus RP-78,Rural,Productivity,12,No
1387,Quibus RP-79,Rural,Productivity,12,No
1388,Quibus RP-80,Rural,Productivity,12,No
1389,Quibus RP-81,Rural,Productivity,12,No
1390,Quibus RP-82,Rural,Productivity,12,No
1391,Quibus RP-83,Rural,Productivity,12,No
1392,Quibus RP-84,Rural,Productivity,12,No
1393,Quibus RP-85,Rural,Productivity,12,No
1394,Quibus RP-86,Rural,Productivity,12,No
1395,Quibus RP-87,Rural,Productivity,12,No
1396,Quibus RP-88,Rural,Productivity,12,No
1397,Quibus RP-89,Rural,Productivity,12,No
1398,Quibus RP-90,Rural,Productivity,12,No
1399,Quibus RP-91,Rural,Productivity,12,No
1400,Quibus RP-92,Rural,Productivity,12,No
1401,Quibus RP-93,Rural,Productivity,12,No
1402,Quibus RP-94,Rural,Productivity,12,No
1403,Quibus RP-95,Rural,Productivity,12,No
1404,Quibus RP-96,Rural,Productivity,12,No
1405,Quibus RP-97,Rural,Productivity,12,No
1406,Quibus RP-98,Rural,Productivity,12,No
1407,Quibus RP-99,Rural,Productivity,12,No
1408,Quibus RP-00,Rural,Productivity,12,No
1409,Quibus RP-01,Rural,Productivity,12,No
1410,Quibus RP-02,Rural,Productivity,12,No
1411,Quibus RP-03,Rural,Productivity,12,No
1412,Quibus RP-04,Rural,Productivity,12,No
1413,Quibus RP-05,Rural,Productivity,12,No
1414,Quibus RP-06,Rural,Productivity,12,No
1415,Quibus RP-07,Rural,Productivity,12,No
1416,Quibus RP-08,Rural,Productivity,12,No
1417,Quibus RP-09,Rural,Productivity,12,No
1418,Quibus RP-10,Rural,Productivity,12,No
1419,Quibus RP-11,Rural,Productivity,12,No
1420,Quibus RP-12,Rural,Productivity,12,No
1421,Quibus RP-13,Rural,Productivity,12,No
1422,Quibus RP-14,Rural,Productivity,12,No
1423,Quibus RP-15,Rural,Productivity,12,No
1424,Quibus RP-16,Rural,Productivity,12,No
1425,Quibus RP-17,Rural,Productivity,12,No
1426,Quibus RP-18,Rural,Productivity,12,No
1427,Quibus RP-19,Rural,Productivity,12,No
1428,Quibus RP-20,Rural,Productivity,12,No
1429,Quibus RP-21,Rural,Productivity,12,No
1430,Quibus RP-22,Rural,Productivity,12,No
1431,Quibus RP-23,Rural,Productivity,12,No
1432,Quibus RP-24,Rural,Productivity,12,No
1433,Quibus RP-25,Rural,Productivity,12,No
1434,Quibus RP-26,Rural,Productivity,12,No
1435,Quibus RP-27,Rural,Productivity,12,No
1436,Quibus RP-28,Rural,Productivity,12,No
1437,Quibus RP-29,Rural,Productivity,12,No
1438,Quibus RP-30,Rural,Productivity,12,No
1439,Quibus RP-31,Rural,Productivity,12,No
1440,Quibus RP-32,Rural,Productivity,12,No
1441,Quibus RP-33,Rural,Productivity,12,No
1442,Quibus RP-34,Rural,Productivity,12,No
1443,Quibus RP-35,Rural,Productivity,12,No
1444,Quibus RP-36,Rural,Productivity,12,No
1445,Quibus RP-37,Rural,Productivity,12,No
1446,Quibus RP-38,Rural,Productivity,12,No
1447,Quibus RP-39,Rural,Productivity,12,No
1448,Quibus RP-40,Rural,Productivity,12,No
1449,Quibus RP-41,Rural,Productivity,12,No
1450,Quibus RP-42,Rural,Productivity,12,No
1451,Quibus RP-43,Rural,Productivity,12,No
1452,Quibus RP-44,Rural,Productivity,12,No
1453,Quibus RP-45,Rural,Productivity,12,No
1454,Quibus RP-46,Rural,Productivity,12,No
1455,Quibus RP-47,Rural,Productivity,12,No
1456,Quibus RP-48,Rural,Productivity,12,No
1457,Quibus RP-49,Rural,Productivity,12,No
1458,Quibus RP-50,Rural,Productivity,12,No
1459,Quibus RP-51,Rural,Productivity,12,No
1460,Quibus RP-52,Rural,Productivity,12,No
1461,Quibus RP-53,Rural,Productivity,12,No
1462,Quibus RP-54,Rural,Productivity,12,No
1463,Quibus RP-55,Rural,Productivity,12,No
1464,Quibus RP-56,Rural,Productivity,12,No
1465,Quibus RP-57,Rural,Productivity,12,No
1466,Quibus RP-58,Rural,Productivity,12,No
1467,Quibus RP-59,Rural,Productivity,12,No
1468,Quibus RP-60,Rural,Productivity,12,No
1469,Quibus RP-61,Rural,Productivity,12,No
1470,Quibus RP-62,Rural,Productivity,12,No
1471,Quibus RP-63,Rural,Productivity,12,No
1472,Quibus RP-64,Rural,Productivity,12,No
1473,Quibus RP-65,Rural,Productivity,12,No
1474,Quibus RP-66,Rural,Productivity,12,No
1475,Quibus RP-67,Rural,Productivity,12,No
1476,Quibus RP-68,Rural,Productivity,12,No
1477,Quibus RP-69,Rural,Productivity,12,No
1478,Quibus RP-70,Rural,Productivity,12,No
1479,Quibus RP-71,Rural,Productivity,12,No
1480,Quibus RP-72,Rural,Productivity,12,No
1481,Quibus RP-73,Rural,Productivity,12,No
1482,Quibus RP-74,Rural,Productivity,12,No
1483,Quibus RP-75,Rural,Productivity,12,No
1484,Quibus RP-76,Rural,Productivity,12,No
1485,Quibus RP-77,Rural,Productivity,12,No
1486,Quibus RP-78,Rural,Productivity,12,No
1487,Quibus RP-79,Rural,Productivity,12,No
1488,Quibus RP-80,Rural,Productivity,12,No
1489,Quibus RP-81,Rural,Productivity,12,No
1490,Quibus RP-82,Rural,Productivity,12,No
1491,Quibus RP-83,Rural,Productivity,12,No
1492,Quibus RP-84,Rural,Productivity,12,No
1493,Quibus RP-85,Rural,Productivity,12,No
1494,Quibus RP-86,Rural,Productivity,12,No
1495,Quibus RP-87,Rural,Productivity,12,No
1496,Quibus RP-88,Rural,Productivity,12,No
1497,Quibus RP-89,Rural,Productivity,12,No
1498,Quibus RP-90,Rural,Productivity,12,No
1499,Quibus RP-91,Rural,Productivity,12,No
1500,Quibus RP-92,Rural,Productivity,12,No
1501,Quibus RP-93,Rural,Productivity,12,No
1502,Quibus RP-94,Rural,Productivity,12,No
1503,Quibus RP-95,Rural,Productivity,12,No
1504,Quibus RP-96,Rural,Productivity,12,No
1505,Quibus RP-97,Rural,Productivity,12,No
1506,Quibus RP-98,Rural,Productivity,12,No
1507,Quibus RP-99,Rural,Productivity,12,No
1508,Quibus RP-00,Rural,Productivity,12,No
1509,Quibus RP-01,Rural,Productivity,12,No
1510,Quibus RP-02,Rural,Productivity,12,No
1511,Quibus RP-03,Rural,Productivity,12,No
1512,Quibus RP-04,Rural,Productivity,12,No
1513,Quibus RP-05,Rural,Productivity,12,No
1514,Quibus RP-06,Rural,Productivity,12,No
1515,Quibus RP-07,Rural,Productivity,12,No
1516,Quibus RP-08,Rural,Productivity,12,No
1517,Quibus RP-09,Rural,Productivity,12,No
1518,Quibus RP-10,Rural,Productivity,12,No
1519,Quibus RP-11,Rural,Productivity,12,No
1520,Quibus RP-12,Rural,Productivity,12,No
1521,Quibus RP-13,Rural,Productivity,12,No
1522,Quibus RP-14,Rural,Productivity,12,No
1523,Quibus RP-15,Rural,Productivity,12,No
1524,Quibus RP-16,Rural,Productivity,12,No
1525,Quibus RP-17,Rural,Productivity,12,No
1526,Quibus RP-18,Rural,Productivity,12,No
1527,Quibus RP-19,Rural,Productivity,12,No
1528,Quibus RP-20,Rural,Productivity,12,No
1529,Quibus RP-21,Rural,Productivity,12,No
1530,Quibus RP-22,Rural,Productivity,12,No
1531,Quibus RP-23,Rural,Productivity,12,No
1532,Quibus RP-24,Rural,Productivity,12,No
1533,Quibus RP-25,Rural,Productivity,12,No
1534,Quibus RP-26,Rural,Productivity,12,No
1535,Quibus RP-27,Rural,Productivity,12,No
1536,Quibus RP-28,Rural,Productivity,12,No
1537,Quibus RP-29,Rural,Productivity,12,No
1538,Quibus RP-30,Rural,Productivity,12,No
1539,Quibus RP-31,Rural,Productivity,12,No
1540,Quibus RP-32,Rural,Productivity,12,No
1541,Quibus RP-33,Rural,Productivity,12,No
1542,Quibus RP-34,Rural,Productivity,12,No
1543,Quibus RP-35,Rural,Productivity,12,No
1544,Quibus RP-36,Rural,Productivity,12,No
1545,Quibus RP-37,Rural,Productivity,12,No
1546,Quibus RP-38,Rural,Productivity,12,No
1547,Quibus RP-39,Rural,Productivity,12,No
1548,Quibus RP-40,Rural,Productivity,12,No
1549,Quibus RP-41,Rural,Productivity,12,No
1550,Quibus RP-42,Rural,Productivity,12,No
1551,Quibus RP-43,Rural,Productivity,12,No
1552,Quibus RP-44,Rural,Productivity,12,No
1553,Quibus RP-45,Rural,Productivity,12,No
1554,Quibus RP-46,Rural,Productivity,12,No
1555,Quibus RP-47,Rural,Productivity,12,No
1556,Quibus RP-48,Rural,Productivity,12,No
1557,Quibus RP-49,Rural,Productivity,12,No
1558,Quibus RP-50,Rural,Productivity,12,No
1559,Quibus RP-51,Rural,Productivity,12,No
1560,Quibus RP-52,Rural,Productivity,12,No
1561,Quibus RP-53,Rural,Productivity,12,No
1562,Quibus RP-54,Rural,Productivity,12,No
1233,Quibus MP-01,Mix,Productivity,12,No
1234,Quibus MP-02,Mix,Productivity,12,No
1235,Quibus MP-03,Mix,Productivity,12,No
1236,Quibus MP-04,Mix,Productivity,12,No
1237,Quibus MP-05,Mix,Productivity,12,No
1238,Quibus MP-06,Mix,Productivity,12,No
1239,Quibus MP-07,Mix,Productivity,12,No
1240,Quibus MP-08,Mix,Productivity,12,No
1241,Quibus MP-09,Mix,Productivity,12,No
1242,Quibus MP-10,Mix,Productivity,12,No
1243,Quibus MP-11,Mix,Productivity,12,No
1244,Quibus MP-12,Mix,Productivity,12,No
1245,Quibus MP-13,Mix,Productivity,12,No
1246,Quibus MP-14,Mix,Productivity,12,No
1247,Quibus MP-15,Mix,Productivity,12,No
1248,Quibus MP-16,Mix,Productivity,12,No
1249,Quibus MP-17,Mix,Productivity,12,No
1250,Quibus MP-18,Mix,Productivity,12,No
1251,Quibus MP-19,Mix,Productivity,12,No
1252,Quibus MP-20,Mix,Productivity,12,No
1253,Quibus MP-21,Mix,Productivity,12,No
1254,Quibus MP-22,Mix,Productivity,12,No
1255,Quibus MP-23,Mix,Productivity,12,No
1256,Quibus MP-24,Mix,Productivity,12,No
1257,Quibus MP-25,Mix,Productivity,12,No
1258,Quibus MP-26,Mix,Productivity,12,No
1259,Quibus MP-27,Mix,Productivity,12,No
1260,Quibus MP-28,Mix,Productivity,12,No
1261,Quibus MP-29,Mix,Productivity,12,No
1262,Quibus MP-30,Mix,Productivity,12,No
1263,Quibus MP-31,Mix,Productivity,12,No
1264,Quibus MP-32,Mix,Productivity,12,No